create database hospital;
USE HOSPITAL;

CREATE TABLE Appointments (
    AppointmentID INT PRIMARY KEY,
    PatientID INT ,
    DoctorID INT ,
    AppointmentDate DATE ,
    AppointmentTime TIME ,
    Status VARCHAR(20) CHECK (Status IN ('Scheduled', 'Cancelled', 'Completed'))
);

INSERT INTO Appointments (AppointmentID, PatientID, DoctorID, AppointmentDate, AppointmentTime, Status) VALUES
(1, 328, 58, '2025-11-27', '03:34:23', 'Scheduled'),
(2, 380, 141, '2025-04-02', '08:06:21', 'Scheduled'),
(3, 115, 72, '2025-07-08', '19:40:56', 'Cancelled'),
(4, 53, 347, '2025-06-18', '05:36:52', 'Cancelled'),
(5, 457, 280, '2026-01-04', '12:45:07', 'Scheduled'),
(6, 303, 217, '2025-12-11', '09:31:05', 'Scheduled'),
(7, 16, 48, '2026-03-05', '03:48:42', 'Scheduled'),
(8, 120, 259, '2025-04-26', '18:30:12', 'Cancelled'),
(9, 14, 288, '2025-09-03', '23:06:33', 'Scheduled'),
(10, 367, 333, '2025-04-04', '19:23:25', 'Cancelled'),
(11, 280, 215, '2025-06-16', '19:37:48', 'Scheduled'),
(12, 230, 302, '2025-10-06', '06:09:38', 'Completed'),
(13, 415, 446, '2025-04-03', '19:43:15', 'Scheduled'),
(14, 389, 413, '2025-06-09', '18:20:08', 'Scheduled'),
(15, 358, 217, '2025-12-01', '12:38:30', 'Completed'),
(16, 143, 80, '2025-10-21', '05:19:14', 'Scheduled'),
(17, 491, 391, '2025-06-17', '03:37:57', 'Completed'),
(18, 53, 48, '2025-11-07', '11:13:12', 'Completed'),
(19, 50, 184, '2026-02-01', '12:39:43', 'Completed'),
(20, 310, 136, '2026-01-12', '17:54:38', 'Scheduled'),
(21, 374, 236, '2025-05-25', '08:22:21', 'Cancelled'),
(22, 64, 499, '2025-09-04', '23:20:27', 'Completed'),
(23, 41, 283, '2025-07-09', '11:08:08', 'Completed'),
(24, 425, 322, '2025-06-15', '17:59:19', 'Cancelled'),
(25, 454, 442, '2025-08-01', '10:48:22', 'Completed'),
(26, 296, 99, '2025-04-29', '03:27:58', 'Cancelled'),
(27, 36, 24, '2025-04-30', '11:32:23', 'Cancelled'),
(28, 117, 396, '2026-02-16', '01:34:48', 'Completed'),
(29, 41, 438, '2025-11-13', '16:50:27', 'Scheduled'),
(30, 444, 52, '2026-01-31', '23:11:45', 'Completed'),
(31, 143, 233, '2026-01-01', '01:36:51', 'Cancelled'),
(32, 428, 187, '2025-10-18', '13:42:20', 'Scheduled'),
(33, 190, 182, '2026-03-17', '12:33:13', 'Scheduled'),
(34, 344, 137, '2025-04-23', '01:03:52', 'Cancelled'),
(35, 480, 350, '2025-07-15', '22:14:47', 'Cancelled'),
(36, 37, 312, '2025-11-19', '11:41:44', 'Cancelled'),
(37, 88, 274, '2025-11-03', '08:36:38', 'Cancelled'),
(38, 126, 84, '2025-12-22', '19:15:53', 'Completed'),
(39, 195, 139, '2025-04-10', '18:56:12', 'Cancelled'),
(40, 353, 286, '2025-06-20', '17:13:41', 'Scheduled'),
(41, 351, 167, '2025-07-14', '05:46:00', 'Scheduled'),
(42, 118, 421, '2026-02-19', '01:10:20', 'Scheduled'),
(43, 413, 162, '2026-02-23', '09:42:00', 'Completed'),
(44, 138, 34, '2025-08-18', '01:42:52', 'Scheduled'),
(45, 468, 483, '2025-09-16', '00:32:23', 'Cancelled'),
(46, 449, 368, '2026-02-10', '22:52:16', 'Completed'),
(47, 109, 336, '2025-05-26', '21:32:52', 'Completed'),
(48, 203, 453, '2025-08-08', '07:48:39', 'Cancelled'),
(49, 235, 74, '2025-12-09', '18:28:18', 'Completed'),
(50, 72, 127, '2025-12-21', '16:03:56', 'Cancelled'),
(51, 288, 276, '2025-11-30', '17:15:23', 'Completed'),
(52, 383, 300, '2025-11-15', '11:18:09', 'Completed'),
(53, 460, 299, '2025-05-29', '02:50:43', 'Completed'),
(54, 186, 113, '2026-01-01', '19:24:21', 'Scheduled'),
(55, 261, 253, '2025-05-26', '12:57:29', 'Scheduled'),
(56, 387, 25, '2025-08-18', '14:08:57', 'Scheduled'),
(57, 79, 322, '2026-03-18', '06:43:32', 'Scheduled'),
(58, 406, 349, '2025-12-16', '01:27:56', 'Completed'),
(59, 306, 33, '2025-06-17', '04:18:31', 'Completed'),
(60, 196, 306, '2025-07-27', '12:53:58', 'Completed'),
(61, 271, 129, '2026-01-19', '08:17:10', 'Cancelled'),
(62, 441, 483, '2025-06-20', '20:32:17', 'Scheduled'),
(63, 349, 370, '2026-01-30', '15:04:30', 'Scheduled'),
(64, 350, 454, '2025-08-26', '17:39:27', 'Cancelled'),
(65, 385, 137, '2025-04-18', '00:09:58', 'Cancelled'),
(66, 175, 58, '2026-03-13', '08:04:47', 'Completed'),
(67, 223, 81, '2026-02-27', '20:32:39', 'Completed'),
(68, 2, 489, '2025-07-24', '20:40:23', 'Cancelled'),
(69, 449, 369, '2025-12-03', '11:02:48', 'Completed'),
(70, 498, 257, '2025-08-24', '04:04:41', 'Scheduled'),
(71, 260, 468, '2025-09-18', '02:13:21', 'Scheduled'),
(72, 446, 321, '2025-07-04', '12:43:58', 'Completed'),
(73, 431, 328, '2025-06-27', '19:14:20', 'Cancelled'),
(74, 312, 102, '2025-10-28', '08:28:36', 'Scheduled'),
(75, 192, 391, '2025-07-04', '03:05:39', 'Scheduled'),
(76, 277, 489, '2025-11-06', '18:43:47', 'Cancelled'),
(77, 471, 1, '2026-03-07', '18:56:56', 'Cancelled'),
(78, 166, 251, '2025-08-26', '11:17:31', 'Scheduled'),
(79, 58, 476, '2025-06-17', '06:05:54', 'Completed'),
(80, 450, 426, '2025-10-07', '09:39:59', 'Completed'),
(81, 123, 30, '2025-04-28', '01:37:09', 'Scheduled'),
(82, 450, 291, '2025-04-11', '08:15:22', 'Scheduled'),
(83, 44, 375, '2025-05-22', '06:08:34', 'Completed'),
(84, 418, 36, '2025-05-25', '05:44:38', 'Cancelled'),
(85, 393, 65, '2025-12-13', '20:13:40', 'Scheduled'),
(86, 338, 244, '2025-11-10', '23:45:12', 'Cancelled'),
(87, 85, 136, '2025-08-20', '04:46:09', 'Cancelled'),
(88, 447, 311, '2025-11-10', '10:37:53', 'Completed'),
(89, 494, 109, '2025-10-15', '22:21:42', 'Cancelled'),
(90, 387, 374, '2025-10-24', '08:41:44', 'Cancelled'),
(91, 103, 366, '2025-12-13', '15:18:52', 'Completed'),
(92, 205, 344, '2025-05-07', '00:04:27', 'Cancelled'),
(93, 192, 225, '2026-03-02', '11:16:42', 'Cancelled'),
(94, 232, 62, '2026-01-09', '23:25:24', 'Scheduled'),
(95, 116, 33, '2026-01-16', '04:36:25', 'Completed'),
(96, 11, 302, '2025-08-03', '15:27:48', 'Cancelled'),
(97, 118, 302, '2025-07-15', '03:34:37', 'Scheduled'),
(98, 4, 37, '2025-05-24', '08:44:01', 'Cancelled'),
(99, 324, 31, '2025-03-25', '16:41:29', 'Scheduled'),
(100, 35, 464, '2026-02-27', '18:14:29', 'Scheduled'),
(101, 441, 170, '2025-07-04', '03:14:55', 'Scheduled'),
(102, 264, 122, '2026-01-13', '09:59:54', 'Completed'),
(103, 343, 249, '2025-10-07', '20:31:42', 'Scheduled'),
(104, 277, 68, '2026-02-25', '22:05:43', 'Cancelled'),
(105, 479, 452, '2025-07-17', '04:13:07', 'Cancelled'),
(106, 296, 243, '2025-10-07', '00:52:51', 'Scheduled'),
(107, 402, 243, '2025-06-09', '20:10:38', 'Completed'),
(108, 98, 49, '2025-08-16', '07:24:32', 'Scheduled'),
(109, 338, 221, '2025-05-25', '08:07:13', 'Completed'),
(110, 217, 211, '2026-01-20', '00:17:19', 'Completed'),
(111, 443, 374, '2026-03-15', '05:08:56', 'Scheduled'),
(112, 345, 335, '2025-11-11', '22:37:17', 'Cancelled'),
(113, 51, 32, '2025-09-29', '02:19:45', 'Completed'),
(114, 373, 174, '2025-05-06', '22:27:38', 'Scheduled'),
(115, 128, 99, '2026-02-28', '11:55:02', 'Scheduled'),
(116, 275, 230, '2025-07-21', '14:52:11', 'Scheduled'),
(117, 217, 94, '2025-04-15', '21:29:56', 'Completed'),
(118, 237, 128, '2026-02-27', '17:35:45', 'Scheduled'),
(119, 227, 414, '2025-04-23', '22:16:20', 'Cancelled'),
(120, 51, 26, '2026-01-02', '08:36:00', 'Cancelled'),
(121, 277, 429, '2026-02-03', '06:52:20', 'Scheduled'),
(122, 497, 48, '2026-01-13', '11:36:19', 'Scheduled'),
(123, 86, 209, '2026-01-15', '19:04:08', 'Completed'),
(124, 247, 110, '2025-05-12', '04:41:42', 'Completed'),
(125, 463, 31, '2025-09-24', '10:37:12', 'Scheduled'),
(126, 195, 2, '2025-05-27', '00:26:09', 'Completed'),
(127, 136, 475, '2025-10-14', '23:21:55', 'Completed'),
(128, 147, 217, '2025-09-04', '06:32:48', 'Cancelled'),
(129, 491, 375, '2025-10-19', '05:14:17', 'Cancelled'),
(130, 339, 368, '2026-01-01', '18:04:30', 'Completed'),
(131, 80, 98, '2025-06-10', '10:37:39', 'Completed'),
(132, 112, 496, '2025-07-23', '00:10:37', 'Scheduled'),
(133, 297, 377, '2025-12-09', '19:21:43', 'Cancelled'),
(134, 32, 383, '2025-08-16', '00:52:32', 'Completed'),
(135, 30, 26, '2026-03-08', '10:00:58', 'Cancelled'),
(136, 245, 258, '2025-09-15', '13:48:59', 'Cancelled'),
(137, 81, 30, '2025-06-28', '21:11:03', 'Cancelled'),
(138, 42, 436, '2025-04-17', '03:53:49', 'Scheduled'),
(139, 36, 305, '2025-04-01', '11:49:05', 'Scheduled'),
(140, 346, 442, '2025-10-25', '12:47:05', 'Scheduled'),
(141, 207, 62, '2025-11-07', '12:47:23', 'Cancelled'),
(142, 127, 297, '2025-03-26', '13:01:31', 'Cancelled'),
(143, 21, 318, '2025-12-23', '03:34:51', 'Scheduled'),
(144, 215, 337, '2025-04-15', '09:05:46', 'Cancelled'),
(145, 290, 268, '2025-04-19', '18:33:33', 'Completed'),
(146, 479, 134, '2026-02-20', '20:16:30', 'Scheduled'),
(147, 343, 367, '2025-04-20', '10:04:24', 'Completed'),
(148, 123, 136, '2025-06-24', '14:09:33', 'Completed'),
(149, 68, 344, '2025-12-08', '01:01:39', 'Cancelled'),
(150, 154, 235, '2025-06-15', '17:34:17', 'Completed'),
(151, 476, 385, '2025-05-14', '00:36:37', 'Scheduled'),
(152, 5, 235, '2026-03-01', '08:28:29', 'Cancelled'),
(153, 289, 52, '2025-11-02', '07:15:08', 'Scheduled'),
(154, 276, 110, '2025-06-26', '19:43:11', 'Cancelled'),
(155, 136, 68, '2025-09-23', '10:43:26', 'Completed'),
(156, 452, 36, '2025-08-29', '15:56:31', 'Scheduled'),
(157, 190, 146, '2025-04-29', '05:28:53', 'Scheduled'),
(158, 225, 427, '2025-12-04', '20:02:49', 'Cancelled'),
(159, 361, 155, '2025-08-08', '02:29:28', 'Cancelled'),
(160, 414, 335, '2025-08-30', '23:03:53', 'Cancelled'),
(161, 5, 342, '2026-02-22', '06:41:17', 'Cancelled'),
(162, 154, 478, '2025-04-14', '13:35:45', 'Cancelled'),
(163, 54, 481, '2025-12-02', '21:14:08', 'Scheduled'),
(164, 136, 60, '2025-05-01', '12:52:07', 'Scheduled'),
(165, 381, 284, '2025-08-27', '20:19:33', 'Scheduled'),
(166, 140, 145, '2025-08-02', '20:02:00', 'Cancelled'),
(167, 108, 368, '2026-02-21', '21:30:59', 'Completed'),
(168, 105, 352, '2025-06-28', '23:55:44', 'Cancelled'),
(169, 437, 136, '2025-06-05', '10:54:42', 'Cancelled'),
(170, 251, 129, '2025-09-14', '05:59:54', 'Scheduled'),
(171, 48, 325, '2025-09-03', '14:52:43', 'Completed'),
(172, 425, 142, '2025-07-10', '16:23:38', 'Scheduled'),
(173, 2, 171, '2025-06-29', '16:50:17', 'Scheduled'),
(174, 327, 135, '2025-09-12', '12:02:37', 'Scheduled'),
(175, 380, 227, '2026-02-21', '09:50:09', 'Cancelled'),
(176, 362, 219, '2025-05-01', '09:06:52', 'Cancelled'),
(177, 5, 58, '2025-12-02', '09:15:44', 'Scheduled'),
(178, 484, 453, '2026-02-11', '19:24:04', 'Cancelled'),
(179, 463, 77, '2025-04-29', '23:19:52', 'Cancelled'),
(180, 19, 428, '2026-02-16', '05:51:28', 'Completed'),
(181, 299, 283, '2025-05-27', '11:25:49', 'Scheduled'),
(182, 221, 66, '2025-09-28', '05:29:03', 'Scheduled'),
(183, 158, 187, '2025-06-15', '21:50:58', 'Scheduled'),
(184, 461, 184, '2026-03-09', '09:22:48', 'Scheduled'),
(185, 350, 128, '2025-05-26', '10:16:17', 'Cancelled'),
(186, 53, 182, '2025-03-24', '23:38:58', 'Cancelled'),
(187, 453, 448, '2025-07-04', '04:19:47', 'Completed'),
(188, 499, 318, '2026-01-22', '07:03:57', 'Cancelled'),
(189, 80, 474, '2025-07-12', '21:47:33', 'Scheduled'),
(190, 443, 84, '2025-12-19', '19:23:39', 'Scheduled'),
(191, 452, 212, '2026-01-22', '16:43:06', 'Scheduled'),
(192, 92, 378, '2025-12-06', '03:13:41', 'Completed'),
(193, 401, 477, '2025-09-29', '11:54:19', 'Completed'),
(194, 411, 343, '2025-06-05', '17:06:49', 'Cancelled'),
(195, 416, 128, '2025-06-16', '14:38:35', 'Completed'),
(196, 82, 404, '2025-11-03', '20:19:14', 'Cancelled'),
(197, 56, 196, '2025-10-20', '02:36:21', 'Scheduled'),
(198, 440, 241, '2026-01-08', '16:33:33', 'Scheduled'),
(199, 103, 419, '2025-04-15', '07:04:01', 'Completed'),
(200, 180, 157, '2025-11-05', '15:25:41', 'Scheduled'),
(201, 115, 13, '2025-10-05', '05:05:01', 'Cancelled'),
(202, 99, 205, '2025-05-24', '17:59:12', 'Completed'),
(203, 143, 443, '2025-10-07', '04:20:57', 'Scheduled'),
(204, 496, 396, '2026-02-17', '16:54:35', 'Completed'),
(205, 180, 329, '2025-04-19', '16:16:00', 'Cancelled'),
(206, 205, 348, '2025-04-19', '11:58:30', 'Cancelled'),
(207, 170, 481, '2026-02-21', '00:35:23', 'Scheduled'),
(208, 60, 450, '2025-08-27', '19:08:53', 'Completed'),
(209, 92, 298, '2026-03-04', '08:37:16', 'Completed'),
(210, 20, 56, '2025-06-27', '02:40:01', 'Cancelled'),
(211, 223, 177, '2025-11-09', '18:49:35', 'Cancelled'),
(212, 403, 161, '2025-11-19', '17:00:26', 'Completed'),
(213, 311, 262, '2025-09-02', '02:22:01', 'Scheduled'),
(214, 198, 461, '2025-11-05', '18:59:37', 'Cancelled'),
(215, 98, 131, '2025-10-13', '09:57:51', 'Scheduled'),
(216, 363, 224, '2025-07-03', '21:21:32', 'Scheduled'),
(217, 267, 474, '2025-12-09', '01:03:02', 'Cancelled'),
(218, 352, 369, '2025-07-24', '13:43:10', 'Cancelled'),
(219, 378, 344, '2025-07-05', '07:27:15', 'Scheduled'),
(220, 187, 221, '2025-05-13', '22:49:34', 'Scheduled'),
(221, 486, 341, '2025-11-29', '11:13:37', 'Completed'),
(222, 320, 161, '2025-09-17', '15:02:29', 'Cancelled'),
(223, 435, 64, '2026-01-09', '01:39:13', 'Cancelled'),
(224, 461, 154, '2025-03-27', '17:57:39', 'Cancelled'),
(225, 159, 342, '2025-11-20', '06:47:14', 'Completed'),
(226, 168, 207, '2025-05-01', '21:43:12', 'Cancelled'),
(227, 152, 284, '2025-10-18', '23:29:57', 'Scheduled'),
(228, 99, 216, '2025-10-06', '14:12:39', 'Cancelled'),
(229, 482, 195, '2025-05-14', '15:52:44', 'Cancelled'),
(230, 384, 463, '2026-03-01', '19:36:49', 'Scheduled'),
(231, 316, 292, '2026-02-28', '17:19:46', 'Completed'),
(232, 208, 281, '2025-08-14', '09:36:09', 'Scheduled'),
(233, 156, 147, '2025-05-24', '03:16:32', 'Scheduled'),
(234, 221, 403, '2026-02-10', '18:08:06', 'Cancelled'),
(235, 311, 336, '2025-12-22', '02:30:11', 'Completed'),
(236, 239, 227, '2025-11-16', '13:52:08', 'Completed'),
(237, 346, 110, '2025-12-02', '21:24:55', 'Cancelled'),
(238, 243, 407, '2025-03-27', '19:55:04', 'Cancelled'),
(239, 87, 338, '2026-02-04', '17:08:59', 'Scheduled'),
(240, 146, 264, '2025-07-18', '14:46:59', 'Cancelled'),
(241, 325, 318, '2025-05-03', '19:46:15', 'Completed'),
(242, 48, 420, '2025-07-04', '23:52:54', 'Scheduled'),
(243, 345, 159, '2026-03-04', '09:26:44', 'Scheduled'),
(244, 413, 102, '2026-01-06', '10:45:31', 'Scheduled'),
(245, 13, 24, '2025-05-23', '06:02:20', 'Scheduled'),
(246, 244, 313, '2025-07-11', '03:02:45', 'Scheduled'),
(247, 234, 213, '2025-06-13', '08:20:35', 'Cancelled'),
(248, 295, 100, '2025-08-04', '10:31:33', 'Cancelled'),
(249, 357, 197, '2025-12-15', '01:40:36', 'Completed'),
(250, 205, 125, '2026-02-18', '08:31:47', 'Scheduled'),
(251, 336, 353, '2025-10-06', '12:36:00', 'Scheduled'),
(252, 458, 385, '2025-06-29', '14:43:19', 'Scheduled'),
(253, 399, 218, '2025-04-28', '05:24:33', 'Scheduled'),
(254, 91, 412, '2025-09-04', '22:11:05', 'Cancelled'),
(255, 266, 238, '2025-04-10', '03:05:11', 'Scheduled'),
(256, 286, 128, '2025-07-31', '06:32:06', 'Scheduled'),
(257, 234, 69, '2025-05-13', '12:55:54', 'Completed'),
(258, 342, 272, '2025-07-03', '03:24:15', 'Cancelled'),
(259, 305, 163, '2026-01-05', '21:08:52', 'Completed'),
(260, 314, 418, '2025-10-24', '11:01:50', 'Cancelled'),
(261, 457, 259, '2025-09-06', '09:58:48', 'Completed'),
(262, 426, 465, '2025-03-27', '15:22:12', 'Cancelled'),
(263, 229, 460, '2025-04-22', '09:15:32', 'Scheduled'),
(264, 381, 442, '2026-03-10', '18:20:45', 'Completed'),
(265, 231, 133, '2025-10-21', '11:37:19', 'Scheduled'),
(266, 431, 327, '2026-02-11', '21:54:52', 'Completed'),
(267, 393, 399, '2025-11-05', '02:03:29', 'Cancelled'),
(268, 249, 321, '2025-05-20', '09:45:47', 'Scheduled'),
(269, 141, 226, '2025-05-12', '15:53:19', 'Scheduled'),
(270, 366, 147, '2025-07-21', '11:05:57', 'Scheduled'),
(271, 140, 172, '2026-03-08', '17:27:11', 'Completed'),
(272, 458, 277, '2026-02-21', '14:13:07', 'Scheduled'),
(273, 71, 78, '2026-03-08', '09:31:15', 'Scheduled'),
(274, 197, 356, '2025-06-13', '20:37:47', 'Scheduled'),
(275, 362, 110, '2025-06-28', '17:16:45', 'Scheduled'),
(276, 213, 209, '2025-05-02', '17:31:17', 'Completed'),
(277, 278, 239, '2026-01-20', '23:31:39', 'Completed'),
(278, 32, 106, '2026-03-02', '13:33:19', 'Completed'),
(279, 200, 464, '2025-11-20', '08:48:44', 'Cancelled'),
(280, 485, 357, '2025-05-23', '03:19:02', 'Scheduled'),
(281, 439, 451, '2026-02-22', '00:04:42', 'Cancelled'),
(282, 195, 245, '2026-01-28', '20:10:21', 'Scheduled'),
(283, 483, 181, '2025-05-31', '15:11:51', 'Completed'),
(284, 386, 200, '2025-04-02', '00:48:09', 'Completed'),
(285, 276, 383, '2026-01-04', '12:20:51', 'Cancelled'),
(286, 280, 410, '2026-01-21', '04:28:05', 'Cancelled'),
(287, 460, 113, '2026-01-29', '15:10:05', 'Completed'),
(288, 113, 140, '2026-02-22', '22:53:58', 'Completed'),
(289, 249, 15, '2026-02-01', '05:31:29', 'Completed'),
(290, 173, 343, '2025-07-05', '21:12:40', 'Cancelled'),
(291, 409, 208, '2026-01-23', '08:44:02', 'Cancelled'),
(292, 85, 431, '2025-05-04', '03:01:33', 'Completed'),
(293, 471, 66, '2026-02-25', '12:07:33', 'Cancelled'),
(294, 274, 14, '2026-02-20', '01:32:02', 'Completed'),
(295, 304, 289, '2025-06-18', '09:49:44', 'Cancelled'),
(296, 14, 43, '2026-02-04', '21:34:34', 'Cancelled'),
(297, 220, 70, '2025-08-06', '13:26:37', 'Completed'),
(298, 94, 26, '2026-02-05', '10:04:03', 'Completed'),
(299, 195, 168, '2026-02-25', '21:59:57', 'Scheduled'),
(300, 233, 168, '2025-06-18', '04:23:09', 'Completed'),
(301, 390, 451, '2025-12-05', '06:24:27', 'Completed'),
(302, 143, 386, '2025-08-25', '23:52:54', 'Completed'),
(303, 130, 428, '2025-07-10', '11:05:28', 'Scheduled'),
(304, 241, 10, '2026-01-18', '16:32:44', 'Cancelled'),
(305, 277, 27, '2025-08-07', '02:45:46', 'Completed'),
(306, 115, 333, '2025-10-07', '01:26:39', 'Scheduled'),
(307, 400, 491, '2025-12-12', '17:08:35', 'Cancelled'),
(308, 21, 387, '2025-07-30', '00:21:44', 'Scheduled'),
(309, 487, 127, '2025-05-07', '12:56:06', 'Scheduled'),
(310, 430, 11, '2025-06-01', '15:15:58', 'Cancelled'),
(311, 79, 123, '2025-07-05', '21:18:25', 'Scheduled'),
(312, 243, 343, '2025-05-05', '20:36:54', 'Scheduled'),
(313, 289, 486, '2025-09-08', '02:23:30', 'Scheduled'),
(314, 239, 359, '2025-12-31', '18:40:49', 'Completed'),
(315, 393, 189, '2025-07-23', '15:05:28', 'Scheduled'),
(316, 311, 311, '2025-11-14', '11:44:22', 'Cancelled'),
(317, 368, 59, '2025-05-07', '02:01:21', 'Scheduled'),
(318, 494, 160, '2026-03-08', '04:09:58', 'Scheduled'),
(319, 297, 14, '2025-06-05', '03:53:42', 'Completed'),
(320, 295, 347, '2025-04-10', '22:53:28', 'Completed'),
(321, 204, 483, '2025-09-09', '00:53:05', 'Cancelled'),
(322, 102, 39, '2025-10-11', '22:28:16', 'Cancelled'),
(323, 354, 426, '2025-10-19', '22:14:42', 'Cancelled'),
(324, 125, 53, '2025-12-28', '06:27:33', 'Cancelled'),
(325, 396, 155, '2026-01-04', '13:29:05', 'Cancelled'),
(326, 308, 413, '2025-06-08', '18:34:19', 'Scheduled'),
(327, 408, 290, '2025-09-07', '05:00:05', 'Scheduled'),
(328, 178, 273, '2025-12-06', '03:59:35', 'Completed'),
(329, 339, 190, '2025-11-21', '09:58:27', 'Scheduled'),
(330, 260, 332, '2025-12-06', '13:53:47', 'Completed'),
(331, 7, 435, '2025-12-28', '13:12:40', 'Completed'),
(332, 422, 251, '2025-10-06', '07:29:15', 'Scheduled'),
(333, 222, 492, '2025-12-07', '15:51:38', 'Completed'),
(334, 326, 457, '2025-07-28', '17:10:51', 'Completed'),
(335, 363, 79, '2025-12-19', '13:11:44', 'Completed'),
(336, 91, 376, '2025-10-25', '18:07:55', 'Cancelled'),
(337, 495, 334, '2025-06-06', '06:00:31', 'Completed'),
(338, 316, 414, '2025-12-07', '16:58:07', 'Cancelled'),
(339, 397, 248, '2025-12-12', '23:38:47', 'Completed'),
(340, 224, 423, '2026-03-09', '11:21:06', 'Cancelled'),
(341, 304, 138, '2025-11-18', '04:30:36', 'Completed'),
(342, 437, 126, '2025-07-18', '01:16:26', 'Scheduled'),
(343, 143, 452, '2025-10-22', '02:09:09', 'Completed'),
(344, 125, 385, '2025-07-20', '06:41:58', 'Completed'),
(345, 292, 313, '2025-06-13', '22:16:04', 'Cancelled'),
(346, 195, 173, '2026-01-23', '14:23:47', 'Scheduled'),
(347, 254, 436, '2025-11-14', '19:07:01', 'Completed'),
(348, 94, 250, '2025-07-27', '08:15:32', 'Scheduled'),
(349, 182, 409, '2025-09-11', '22:35:32', 'Completed'),
(350, 175, 144, '2025-12-11', '13:51:09', 'Cancelled'),
(351, 360, 451, '2025-10-08', '02:33:05', 'Completed'),
(352, 285, 6, '2026-01-26', '07:15:56', 'Cancelled'),
(353, 486, 98, '2026-01-03', '16:51:30', 'Scheduled'),
(354, 124, 369, '2025-12-04', '14:30:28', 'Completed'),
(355, 251, 285, '2025-07-12', '15:05:56', 'Scheduled'),
(356, 354, 244, '2025-12-06', '19:55:39', 'Cancelled'),
(357, 365, 252, '2025-11-19', '03:35:09', 'Completed'),
(358, 406, 9, '2025-04-29', '00:36:34', 'Scheduled'),
(359, 151, 114, '2026-01-09', '16:34:31', 'Completed'),
(360, 355, 125, '2025-12-10', '12:25:22', 'Completed'),
(361, 340, 298, '2025-06-19', '05:30:35', 'Completed'),
(362, 243, 284, '2025-06-09', '12:03:49', 'Cancelled'),
(363, 177, 218, '2025-04-02', '15:33:28', 'Cancelled'),
(364, 282, 170, '2025-06-27', '13:52:01', 'Completed'),
(365, 360, 233, '2025-11-16', '21:44:52', 'Completed'),
(366, 157, 129, '2025-04-21', '10:19:30', 'Scheduled'),
(367, 62, 370, '2025-08-31', '21:41:02', 'Scheduled'),
(368, 162, 62, '2025-11-02', '17:08:06', 'Cancelled'),
(369, 275, 487, '2025-12-27', '23:29:23', 'Cancelled'),
(370, 95, 99, '2025-08-20', '19:28:10', 'Scheduled'),
(371, 379, 248, '2025-08-26', '06:23:22', 'Completed'),
(372, 371, 302, '2025-05-20', '09:50:44', 'Cancelled'),
(373, 306, 145, '2025-12-16', '19:36:35', 'Scheduled'),
(374, 427, 100, '2026-03-05', '07:45:32', 'Completed'),
(375, 117, 185, '2026-02-21', '14:26:30', 'Scheduled'),
(376, 155, 8, '2026-03-02', '05:47:54', 'Cancelled'),
(377, 274, 65, '2026-01-20', '01:35:05', 'Completed'),
(378, 24, 499, '2025-06-16', '16:29:27', 'Scheduled'),
(379, 284, 150, '2026-01-30', '23:32:38', 'Cancelled'),
(380, 484, 65, '2025-10-11', '10:48:11', 'Cancelled'),
(381, 445, 386, '2025-04-12', '09:30:36', 'Completed'),
(382, 53, 447, '2025-06-28', '09:13:31', 'Scheduled'),
(383, 294, 146, '2025-09-17', '03:52:16', 'Completed'),
(384, 246, 226, '2026-01-29', '18:29:19', 'Completed'),
(385, 95, 495, '2025-12-08', '08:30:30', 'Scheduled'),
(386, 130, 482, '2025-10-27', '01:08:34', 'Completed'),
(387, 59, 421, '2025-07-25', '20:10:49', 'Scheduled'),
(388, 206, 252, '2026-03-05', '05:19:54', 'Scheduled'),
(389, 296, 323, '2025-11-16', '02:19:05', 'Cancelled'),
(390, 28, 78, '2025-12-28', '07:54:09', 'Scheduled'),
(391, 416, 289, '2025-09-05', '10:21:01', 'Completed'),
(392, 44, 128, '2025-09-13', '21:23:16', 'Scheduled'),
(393, 286, 392, '2026-01-06', '02:19:48', 'Completed'),
(394, 311, 306, '2025-09-14', '05:46:55', 'Cancelled'),
(395, 116, 398, '2026-01-09', '04:14:48', 'Cancelled'),
(396, 195, 231, '2026-02-13', '03:51:51', 'Completed'),
(397, 153, 441, '2025-07-09', '09:39:20', 'Cancelled'),
(398, 220, 157, '2026-01-20', '23:27:05', 'Cancelled'),
(399, 318, 31, '2025-09-28', '22:00:20', 'Cancelled'),
(400, 492, 379, '2025-06-24', '03:45:27', 'Scheduled'),
(401, 486, 391, '2025-09-10', '20:37:15', 'Scheduled'),
(402, 321, 109, '2025-12-26', '19:28:56', 'Completed'),
(403, 339, 42, '2025-06-23', '12:22:36', 'Scheduled'),
(404, 123, 89, '2025-08-01', '10:10:58', 'Cancelled'),
(405, 39, 81, '2026-03-05', '13:21:07', 'Scheduled'),
(406, 210, 231, '2025-04-24', '07:20:35', 'Cancelled'),
(407, 305, 241, '2025-05-21', '00:50:52', 'Completed'),
(408, 17, 119, '2025-08-19', '05:11:20', 'Completed'),
(409, 362, 145, '2025-05-22', '03:25:59', 'Cancelled'),
(410, 441, 233, '2025-06-15', '10:00:08', 'Scheduled'),
(411, 352, 120, '2025-09-01', '22:29:49', 'Completed'),
(412, 404, 406, '2025-07-30', '16:09:17', 'Cancelled'),
(413, 302, 339, '2025-09-20', '02:59:35', 'Scheduled'),
(414, 218, 59, '2025-04-17', '21:31:10', 'Cancelled'),
(415, 116, 332, '2026-02-10', '17:22:23', 'Scheduled'),
(416, 466, 137, '2025-08-22', '09:03:59', 'Scheduled'),
(417, 37, 31, '2025-11-05', '07:37:27', 'Scheduled'),
(418, 406, 158, '2025-03-31', '22:57:05', 'Cancelled'),
(419, 384, 423, '2025-11-02', '10:07:22', 'Cancelled'),
(420, 472, 148, '2025-09-25', '13:08:50', 'Completed'),
(421, 64, 240, '2025-08-07', '01:23:11', 'Cancelled'),
(422, 156, 359, '2026-01-10', '04:05:48', 'Completed'),
(423, 483, 140, '2026-02-18', '19:55:50', 'Cancelled'),
(424, 277, 253, '2025-10-19', '14:27:59', 'Completed'),
(425, 42, 307, '2026-01-03', '04:36:32', 'Scheduled'),
(426, 456, 222, '2026-01-28', '22:11:06', 'Cancelled'),
(427, 166, 310, '2026-03-07', '12:27:18', 'Completed'),
(428, 14, 47, '2025-09-29', '18:06:23', 'Scheduled'),
(429, 493, 346, '2025-07-07', '18:17:19', 'Cancelled'),
(430, 301, 487, '2025-09-28', '09:58:53', 'Scheduled'),
(431, 392, 345, '2025-08-22', '13:04:55', 'Completed'),
(432, 296, 21, '2025-12-08', '03:54:49', 'Scheduled'),
(433, 241, 266, '2026-01-27', '08:17:19', 'Cancelled'),
(434, 227, 470, '2025-12-30', '05:00:57', 'Completed'),
(435, 93, 300, '2026-02-13', '01:05:02', 'Completed'),
(436, 326, 417, '2026-03-16', '04:56:33', 'Completed'),
(437, 497, 47, '2025-11-20', '17:09:34', 'Completed'),
(438, 179, 210, '2025-04-03', '10:14:11', 'Completed'),
(439, 165, 344, '2025-11-08', '00:55:55', 'Scheduled'),
(440, 440, 83, '2025-12-06', '15:00:15', 'Completed'),
(441, 211, 356, '2025-04-25', '15:06:07', 'Completed'),
(442, 148, 340, '2025-09-06', '19:53:40', 'Completed'),
(443, 417, 390, '2026-02-23', '13:51:10', 'Cancelled'),
(444, 19, 233, '2025-06-02', '19:57:09', 'Scheduled'),
(445, 162, 130, '2025-07-03', '16:15:53', 'Completed'),
(446, 60, 497, '2025-07-29', '20:16:46', 'Completed'),
(447, 443, 264, '2025-09-16', '19:07:08', 'Scheduled'),
(448, 337, 446, '2025-08-02', '11:12:26', 'Cancelled'),
(449, 237, 212, '2026-02-28', '05:35:46', 'Scheduled'),
(450, 97, 266, '2025-07-10', '07:19:57', 'Completed'),
(451, 319, 388, '2026-02-10', '01:12:56', 'Completed'),
(452, 321, 227, '2025-06-29', '18:58:14', 'Scheduled'),
(453, 105, 137, '2025-09-22', '18:34:43', 'Cancelled'),
(454, 68, 475, '2026-01-08', '07:59:59', 'Completed'),
(455, 225, 451, '2025-04-13', '07:28:33', 'Cancelled'),
(456, 249, 63, '2025-06-19', '10:03:39', 'Scheduled'),
(457, 499, 323, '2025-04-19', '15:39:59', 'Cancelled'),
(458, 410, 123, '2025-12-02', '14:54:48', 'Cancelled'),
(459, 82, 160, '2026-01-10', '06:06:52', 'Cancelled'),
(460, 8, 283, '2025-06-28', '03:16:42', 'Completed'),
(461, 48, 116, '2026-02-12', '13:09:15', 'Scheduled'),
(462, 237, 485, '2025-11-20', '11:36:37', 'Scheduled'),
(463, 332, 427, '2025-06-24', '05:44:42', 'Scheduled'),
(464, 256, 478, '2025-09-23', '11:45:28', 'Cancelled'),
(465, 150, 261, '2025-05-07', '12:57:21', 'Cancelled'),
(466, 140, 213, '2025-06-16', '11:34:36', 'Completed'),
(467, 242, 125, '2025-12-20', '23:19:11', 'Completed'),
(468, 283, 75, '2026-01-15', '22:32:35', 'Completed'),
(469, 98, 472, '2025-05-28', '13:04:10', 'Cancelled'),
(470, 261, 383, '2025-11-14', '19:01:51', 'Scheduled'),
(471, 443, 36, '2025-12-27', '17:31:01', 'Completed'),
(472, 396, 405, '2026-01-20', '10:06:28', 'Completed'),
(473, 175, 479, '2025-07-22', '19:24:58', 'Cancelled'),
(474, 137, 421, '2025-11-03', '05:46:25', 'Scheduled'),
(475, 145, 372, '2025-07-23', '12:07:29', 'Completed'),
(476, 429, 301, '2025-12-12', '07:19:16', 'Cancelled'),
(477, 338, 251, '2025-08-25', '18:53:04', 'Scheduled'),
(478, 229, 276, '2025-06-09', '21:39:47', 'Completed'),
(479, 177, 171, '2025-11-08', '07:32:45', 'Cancelled'),
(480, 391, 279, '2026-02-09', '04:39:49', 'Completed'),
(481, 234, 478, '2025-06-26', '18:29:42', 'Completed'),
(482, 446, 97, '2025-12-19', '02:47:54', 'Cancelled'),
(483, 123, 293, '2025-07-19', '08:24:58', 'Completed'),
(484, 120, 439, '2025-11-12', '12:08:55', 'Completed'),
(485, 23, 163, '2025-05-10', '08:02:03', 'Cancelled'),
(486, 243, 362, '2025-10-29', '12:10:11', 'Completed'),
(487, 198, 340, '2025-04-08', '19:06:44', 'Cancelled'),
(488, 78, 254, '2025-10-16', '09:26:12', 'Scheduled'),
(489, 65, 258, '2025-12-05', '14:08:31', 'Cancelled'),
(490, 170, 446, '2025-04-19', '17:22:03', 'Scheduled'),
(491, 448, 433, '2025-11-30', '08:19:34', 'Completed'),
(492, 52, 270, '2025-03-28', '14:47:58', 'Completed'),
(493, 8, 370, '2026-02-06', '00:42:30', 'Scheduled'),
(494, 210, 446, '2025-05-03', '06:46:48', 'Cancelled'),
(495, 497, 80, '2025-08-11', '13:17:00', 'Scheduled'),
(496, 241, 401, '2026-03-05', '21:12:10', 'Completed'),
(497, 174, 320, '2025-12-23', '14:46:31', 'Cancelled'),
(498, 204, 333, '2025-09-09', '21:47:16', 'Scheduled'),
(499, 437, 169, '2026-01-02', '02:03:21', 'Cancelled'),
(500, 440, 274, '2025-12-01', '22:25:23', 'Completed');




CREATE TABLE Treatments (
    TreatmentID INT PRIMARY KEY,
    AppointmentID INT ,
    Diagnosis VARCHAR(100) ,
    TreatmentGiven VARCHAR(100) ,
    Prescription VARCHAR(100) ,
    FOREIGN KEY (AppointmentID) REFERENCES Appointments(AppointmentID)
);

INSERT INTO Treatments (TreatmentID, AppointmentID, Diagnosis, TreatmentGiven, Prescription) VALUES
(1, 328, 'Fracture', 'Blood Test', 'Antibiotics'),
(2, 126, 'Skin Allergy', 'MRI Scan', 'Painkillers'),
(3, 347, 'Back Pain', 'X-Ray', 'Vitamin D'),
(4, 217, 'Flu', 'Blood Test', 'Painkillers'),
(5, 112, 'Skin Allergy', 'Physiotherapy', 'Vitamin D'),
(6, 14, 'Back Pain', 'Allergy Test', 'Antihistamines'),
(7, 215, 'Skin Allergy', 'ENT Exam', 'Vitamin D'),
(8, 143, 'Flu', 'MRI Scan', 'Cough Syrup'),
(9, 175, 'Diabetes', 'MRI Scan', 'Inhaler'),
(10, 491, 'Cold', 'X-Ray', 'Painkillers'),
(11, 195, 'Fracture', 'BP Monitoring', 'Beta Blockers'),
(12, 310, 'Diabetes', 'Blood Test', 'Insulin'),
(13, 275, 'Fracture', 'Lung Function Test', 'Painkillers'),
(14, 283, 'Diabetes', 'Ultrasound', 'Beta Blockers'),
(15, 296, 'Skin Allergy', 'X-Ray', 'Paracetamol'),
(16, 339, 'Skin Allergy', 'Rapid Test', 'Painkillers'),
(17, 438, 'Skin Allergy', 'X-Ray', 'Cough Syrup'),
(18, 143, 'Asthma', 'BP Monitoring', 'Cast'),
(19, 190, 'Cold', 'Allergy Test', 'Antibiotics'),
(20, 360, 'Fracture', 'Ultrasound', 'Cast'),
(21, 274, 'Skin Allergy', 'MRI Scan', 'Insulin'),
(22, 195, 'Diabetes', 'Physiotherapy', 'Inhaler'),
(23, 351, 'Cold', 'Blood Test', 'Inhaler'),
(24, 421, 'Flu', 'BP Monitoring', 'Cough Syrup'),
(25, 138, 'Fracture', 'Allergy Test', 'Vitamin D'),
(26, 449, 'Cold', 'Allergy Test', 'Insulin'),
(27, 203, 'Asthma', 'MRI Scan', 'Antibiotics'),
(28, 72, 'Skin Allergy', 'Physiotherapy', 'Antihistamines'),
(29, 135, 'Ear Infection', 'Lung Function Test', 'Vitamin D'),
(30, 205, 'Cold', 'Allergy Test', 'Cast'),
(31, 261, 'Asthma', 'X-Ray', 'Paracetamol'),
(32, 441, 'Fracture', 'MRI Scan', 'Cast'),
(33, 406, 'High Blood Pressure', 'Ultrasound', 'Painkillers'),
(34, 198, 'High Blood Pressure', 'Ultrasound', 'Insulin'),
(35, 271, 'Diabetes', 'Physiotherapy', 'Paracetamol'),
(36, 349, 'Fracture', 'Physiotherapy', 'Antibiotics'),
(37, 394, 'Cold', 'X-Ray', 'Antibiotics'),
(38, 223, 'Migraine', 'ENT Exam', 'Paracetamol'),
(39, 489, 'Diabetes', 'Physiotherapy', 'Cast'),
(40, 260, 'Fracture', 'Rapid Test', 'Antihistamines'),
(41, 312, 'Skin Allergy', 'MRI Scan', 'Beta Blockers'),
(42, 391, 'Migraine', 'Physiotherapy', 'Antihistamines'),
(43, 471, 'Flu', 'Ultrasound', 'Beta Blockers'),
(44, 251, 'Flu', 'X-Ray', 'Beta Blockers'),
(45, 450, 'Diabetes', 'Allergy Test', 'Paracetamol'),
(46, 124, 'Ear Infection', 'X-Ray', 'Painkillers'),
(47, 375, 'Asthma', 'X-Ray', 'Antihistamines'),
(48, 393, 'Migraine', 'MRI Scan', 'Insulin'),
(49, 485, 'Back Pain', 'MRI Scan', 'Antibiotics'),
(50, 271, 'Ear Infection', 'Lung Function Test', 'Inhaler'),
(51, 476, 'Back Pain', 'Allergy Test', 'Antibiotics'),
(52, 205, 'Cold', 'ENT Exam', 'Antihistamines'),
(53, 232, 'Fracture', 'Allergy Test', 'Inhaler'),
(54, 33, 'Cold', 'Blood Test', 'Vitamin D'),
(55, 284, 'Skin Allergy', 'Ultrasound', 'Inhaler'),
(56, 4, 'Fracture', 'Blood Test', 'Inhaler'),
(57, 35, 'Flu', 'BP Monitoring', 'Painkillers'),
(58, 264, 'Skin Allergy', 'Rapid Test', 'Insulin'),
(59, 110, 'Back Pain', 'MRI Scan', 'Vitamin D'),
(60, 296, 'Asthma', 'Allergy Test', 'Insulin'),
(61, 414, 'High Blood Pressure', 'Allergy Test', 'Painkillers'),
(62, 50, 'High Blood Pressure', 'BP Monitoring', 'Cough Syrup'),
(63, 211, 'Asthma', 'Blood Test', 'Painkillers'),
(64, 32, 'High Blood Pressure', 'BP Monitoring', 'Painkillers'),
(65, 128, 'Skin Allergy', 'Allergy Test', 'Antihistamines'),
(66, 230, 'Migraine', 'Lung Function Test', 'Cast'),
(67, 143, 'Asthma', 'Allergy Test', 'Painkillers'),
(68, 227, 'Back Pain', 'X-Ray', 'Paracetamol'),
(69, 334, 'Back Pain', 'Blood Test', 'Painkillers'),
(70, 475, 'Skin Allergy', 'MRI Scan', 'Cough Syrup'),
(71, 249, 'Asthma', 'Allergy Test', 'Cough Syrup'),
(72, 463, 'Flu', 'MRI Scan', 'Cough Syrup'),
(73, 2, 'High Blood Pressure', 'Rapid Test', 'Insulin'),
(74, 147, 'High Blood Pressure', 'Physiotherapy', 'Insulin'),
(75, 80, 'Skin Allergy', 'Rapid Test', 'Inhaler'),
(76, 496, 'Flu', 'Ultrasound', 'Antihistamines'),
(77, 32, 'Cold', 'Blood Test', 'Paracetamol'),
(78, 300, 'Asthma', 'Physiotherapy', 'Antihistamines'),
(79, 81, 'Flu', 'Physiotherapy', 'Painkillers'),
(80, 436, 'Migraine', 'X-Ray', 'Vitamin D'),
(81, 35, 'Skin Allergy', 'Lung Function Test', 'Painkillers'),
(82, 483, 'Ear Infection', 'Allergy Test', 'Vitamin D'),
(83, 305, 'Flu', 'Ultrasound', 'Painkillers'),
(84, 215, 'Ear Infection', 'Ultrasound', 'Antihistamines'),
(85, 162, 'Diabetes', 'Allergy Test', 'Beta Blockers'),
(86, 123, 'Diabetes', 'Lung Function Test', 'Cast'),
(87, 344, 'Diabetes', 'ENT Exam', 'Beta Blockers'),
(88, 476, 'Fracture', 'Blood Test', 'Insulin'),
(89, 319, 'Ear Infection', 'X-Ray', 'Painkillers'),
(90, 276, 'Skin Allergy', 'Physiotherapy', 'Antibiotics'),
(91, 68, 'Cold', 'X-Ray', 'Inhaler'),
(92, 190, 'Diabetes', 'MRI Scan', 'Insulin'),
(93, 427, 'Back Pain', 'Rapid Test', 'Vitamin D'),
(94, 414, 'Back Pain', 'Blood Test', 'Antihistamines'),
(95, 154, 'Fracture', 'MRI Scan', 'Antibiotics'),
(96, 60, 'Fracture', 'Physiotherapy', 'Cast'),
(97, 140, 'Diabetes', 'Ultrasound', 'Inhaler'),
(98, 368, 'Cold', 'Allergy Test', 'Antibiotics'),
(99, 259, 'Asthma', 'Rapid Test', 'Paracetamol'),
(100, 48, 'High Blood Pressure', 'Rapid Test', 'Paracetamol'),
(101, 2, 'Cold', 'MRI Scan', 'Antibiotics'),
(102, 83, 'Asthma', 'Physiotherapy', 'Cough Syrup'),
(103, 288, 'Flu', 'X-Ray', 'Painkillers'),
(104, 484, 'Migraine', 'Physiotherapy', 'Paracetamol'),
(105, 428, 'Cold', 'Ultrasound', 'Antihistamines'),
(106, 76, 'High Blood Pressure', 'MRI Scan', 'Paracetamol'),
(107, 158, 'Cold', 'Blood Test', 'Beta Blockers'),
(108, 108, 'Skin Allergy', 'X-Ray', 'Beta Blockers'),
(109, 400, 'Back Pain', 'Lung Function Test', 'Vitamin D'),
(110, 384, 'Migraine', 'Allergy Test', 'Cast'),
(111, 500, 'Migraine', 'Lung Function Test', 'Paracetamol'),
(112, 92, 'Cold', 'Lung Function Test', 'Inhaler'),
(113, 137, 'Migraine', 'X-Ray', 'Cough Syrup'),
(114, 447, 'Flu', 'ENT Exam', 'Inhaler'),
(115, 103, 'Asthma', 'BP Monitoring', 'Antibiotics'),
(116, 421, 'Skin Allergy', 'Allergy Test', 'Paracetamol'),
(117, 338, 'Skin Allergy', 'Lung Function Test', 'Beta Blockers'),
(118, 143, 'Fracture', 'Rapid Test', 'Beta Blockers'),
(119, 329, 'Back Pain', 'Lung Function Test', 'Antihistamines'),
(120, 170, 'Flu', 'X-Ray', 'Antibiotics'),
(121, 92, 'Ear Infection', 'Rapid Test', 'Paracetamol'),
(122, 56, 'Ear Infection', 'Lung Function Test', 'Beta Blockers'),
(123, 374, 'Cold', 'Lung Function Test', 'Vitamin D'),
(124, 262, 'Fracture', 'Lung Function Test', 'Vitamin D'),
(125, 98, 'Diabetes', 'Blood Test', 'Cough Syrup'),
(126, 1, 'Back Pain', 'Physiotherapy', 'Inhaler'),
(127, 187, 'High Blood Pressure', 'X-Ray', 'Beta Blockers'),
(128, 320, 'Cold', 'X-Ray', 'Antibiotics'),
(129, 260, 'Diabetes', 'Lung Function Test', 'Beta Blockers'),
(130, 207, 'Diabetes', 'Physiotherapy', 'Cast'),
(131, 99, 'High Blood Pressure', 'Lung Function Test', 'Cast'),
(132, 316, 'Ear Infection', 'Rapid Test', 'Cough Syrup'),
(133, 281, 'Flu', 'Rapid Test', 'Antibiotics'),
(134, 108, 'High Blood Pressure', 'Ultrasound', 'Vitamin D'),
(135, 336, 'Cold', 'ENT Exam', 'Insulin'),
(136, 227, 'Skin Allergy', 'Physiotherapy', 'Insulin'),
(137, 407, 'Migraine', 'X-Ray', 'Antibiotics'),
(138, 264, 'Ear Infection', 'BP Monitoring', 'Painkillers'),
(139, 420, 'Skin Allergy', 'Rapid Test', 'Inhaler'),
(140, 413, 'Skin Allergy', 'MRI Scan', 'Paracetamol'),
(141, 24, 'Skin Allergy', 'ENT Exam', 'Vitamin D'),
(142, 436, 'Fracture', 'ENT Exam', 'Cough Syrup'),
(143, 454, 'Ear Infection', 'Allergy Test', 'Cough Syrup'),
(144, 254, 'High Blood Pressure', 'Allergy Test', 'Cast'),
(145, 336, 'Flu', 'X-Ray', 'Cough Syrup'),
(146, 113, 'Migraine', 'Physiotherapy', 'Insulin'),
(147, 26, 'Back Pain', 'Allergy Test', 'Painkillers'),
(148, 234, 'Migraine', 'ENT Exam', 'Antihistamines'),
(149, 287, 'Ear Infection', 'BP Monitoring', 'Insulin'),
(150, 314, 'Back Pain', 'Lung Function Test', 'Antihistamines'),
(151, 229, 'Migraine', 'ENT Exam', 'Insulin'),
(152, 133, 'Skin Allergy', 'Rapid Test', 'Antihistamines'),
(153, 249, 'Skin Allergy', 'Rapid Test', 'Insulin'),
(154, 40, 'Diabetes', 'Allergy Test', 'Antibiotics'),
(155, 172, 'Cold', 'Physiotherapy', 'Painkillers'),
(156, 71, 'Migraine', 'Allergy Test', 'Cough Syrup'),
(157, 356, 'Migraine', 'Allergy Test', 'Painkillers'),
(158, 213, 'High Blood Pressure', 'BP Monitoring', 'Antihistamines'),
(159, 239, 'High Blood Pressure', 'Blood Test', 'Inhaler'),
(160, 427, 'High Blood Pressure', 'Lung Function Test', 'Vitamin D'),
(161, 485, 'Flu', 'Ultrasound', 'Cough Syrup'),
(162, 245, 'Flu', 'BP Monitoring', 'Antibiotics'),
(163, 386, 'High Blood Pressure', 'Lung Function Test', 'Antihistamines'),
(164, 383, 'Back Pain', 'Ultrasound', 'Inhaler'),
(165, 250, 'Skin Allergy', 'Rapid Test', 'Cough Syrup'),
(166, 249, 'Flu', 'Lung Function Test', 'Beta Blockers'),
(167, 343, 'High Blood Pressure', 'MRI Scan', 'Insulin'),
(168, 471, 'Migraine', 'Ultrasound', 'Antihistamines'),
(169, 14, 'High Blood Pressure', 'Ultrasound', 'Vitamin D'),
(170, 340, 'Flu', 'X-Ray', 'Cough Syrup'),
(171, 70, 'Asthma', 'MRI Scan', 'Paracetamol'),
(172, 134, 'High Blood Pressure', 'BP Monitoring', 'Inhaler'),
(173, 233, 'Cold', 'BP Monitoring', 'Cough Syrup'),
(174, 143, 'High Blood Pressure', 'Rapid Test', 'Painkillers'),
(175, 241, 'Flu', 'Physiotherapy', 'Paracetamol'),
(176, 488, 'Cold', 'Allergy Test', 'Painkillers'),
(177, 400, 'Flu', 'Blood Test', 'Inhaler'),
(178, 103, 'Flu', 'Ultrasound', 'Cast'),
(179, 123, 'Migraine', 'ENT Exam', 'Painkillers'),
(180, 289, 'Skin Allergy', 'ENT Exam', 'Antibiotics'),
(181, 393, 'Cold', 'MRI Scan', 'Vitamin D'),
(182, 311, 'Fracture', 'MRI Scan', 'Antibiotics'),
(183, 56, 'Ear Infection', 'Blood Test', 'Antibiotics'),
(184, 295, 'High Blood Pressure', 'Lung Function Test', 'Inhaler'),
(185, 39, 'Ear Infection', 'Allergy Test', 'Painkillers'),
(186, 357, 'Diabetes', 'Ultrasound', 'Painkillers'),
(187, 408, 'Ear Infection', 'Blood Test', 'Beta Blockers'),
(188, 273, 'High Blood Pressure', 'BP Monitoring', 'Painkillers'),
(189, 260, 'Cold', 'Blood Test', 'Cough Syrup'),
(190, 422, 'Asthma', 'X-Ray', 'Cough Syrup'),
(191, 492, 'Cold', 'ENT Exam', 'Cast'),
(192, 223, 'Migraine', 'Physiotherapy', 'Antibiotics'),
(193, 316, 'Back Pain', 'ENT Exam', 'Insulin'),
(194, 224, 'Ear Infection', 'Rapid Test', 'Beta Blockers'),
(195, 437, 'Skin Allergy', 'X-Ray', 'Antibiotics'),
(196, 452, 'Asthma', 'Allergy Test', 'Insulin'),
(197, 292, 'Ear Infection', 'Lung Function Test', 'Beta Blockers'),
(198, 15, 'Asthma', 'BP Monitoring', 'Cast'),
(199, 250, 'Skin Allergy', 'BP Monitoring', 'Antibiotics'),
(200, 175, 'Diabetes', 'Ultrasound', 'Antibiotics'),
(201, 285, 'Flu', 'Physiotherapy', 'Inhaler'),
(202, 44, 'Skin Allergy', 'Lung Function Test', 'Insulin'),
(203, 285, 'Skin Allergy', 'ENT Exam', 'Insulin'),
(204, 230, 'Flu', 'X-Ray', 'Antibiotics'),
(205, 114, 'High Blood Pressure', 'Allergy Test', 'Antibiotics'),
(206, 340, 'Ear Infection', 'BP Monitoring', 'Insulin'),
(207, 284, 'Back Pain', 'BP Monitoring', 'Cough Syrup'),
(208, 382, 'Back Pain', 'BP Monitoring', 'Beta Blockers'),
(209, 360, 'Asthma', 'Rapid Test', 'Antibiotics'),
(210, 129, 'Skin Allergy', 'X-Ray', 'Inhaler'),
(211, 162, 'Fracture', 'Physiotherapy', 'Cast'),
(212, 99, 'Skin Allergy', 'ENT Exam', 'Antibiotics'),
(213, 371, 'Ear Infection', 'Physiotherapy', 'Vitamin D'),
(214, 145, 'Fracture', 'Allergy Test', 'Antibiotics'),
(215, 117, 'Cold', 'MRI Scan', 'Antibiotics'),
(216, 8, 'Back Pain', 'MRI Scan', 'Antibiotics'),
(217, 24, 'Flu', 'Physiotherapy', 'Antibiotics'),
(218, 358, 'Migraine', 'ENT Exam', 'Painkillers'),
(219, 447, 'Flu', 'Ultrasound', 'Antibiotics'),
(220, 241, 'Asthma', 'ENT Exam', 'Beta Blockers'),
(221, 95, 'Flu', 'Rapid Test', 'Insulin'),
(222, 59, 'Fracture', 'Lung Function Test', 'Insulin'),
(223, 38, 'Ear Infection', 'Blood Test', 'Cast'),
(224, 77, 'Ear Infection', 'Rapid Test', 'Painkillers'),
(225, 128, 'Fracture', 'Physiotherapy', 'Cough Syrup'),
(226, 311, 'Ear Infection', 'Ultrasound', 'Inhaler'),
(227, 398, 'Back Pain', 'Lung Function Test', 'Insulin'),
(228, 466, 'Asthma', 'Rapid Test', 'Vitamin D'),
(229, 220, 'Diabetes', 'Ultrasound', 'Vitamin D'),
(230, 31, 'Ear Infection', 'X-Ray', 'Inhaler'),
(231, 321, 'Skin Allergy', 'Rapid Test', 'Painkillers'),
(232, 81, 'Skin Allergy', 'MRI Scan', 'Antihistamines'),
(233, 39, 'Migraine', 'Blood Test', 'Cough Syrup'),
(234, 231, 'Ear Infection', 'ENT Exam', 'Antibiotics'),
(235, 17, 'Skin Allergy', 'Rapid Test', 'Antibiotics'),
(236, 360, 'Asthma', 'X-Ray', 'Inhaler'),
(237, 474, 'Diabetes', 'Ultrasound', 'Inhaler'),
(238, 218, 'Fracture', 'Physiotherapy', 'Inhaler'),
(239, 332, 'Migraine', 'Rapid Test', 'Cast'),
(240, 37, 'Flu', 'MRI Scan', 'Antibiotics'),
(241, 305, 'Ear Infection', 'Rapid Test', 'Insulin'),
(242, 64, 'Asthma', 'Rapid Test', 'Cough Syrup'),
(243, 483, 'Diabetes', 'Physiotherapy', 'Antihistamines'),
(244, 253, 'Asthma', 'X-Ray', 'Vitamin D'),
(245, 21, 'High Blood Pressure', 'BP Monitoring', 'Vitamin D'),
(246, 129, 'Flu', 'X-Ray', 'Inhaler'),
(247, 493, 'Ear Infection', 'Ultrasound', 'Paracetamol'),
(248, 392, 'Diabetes', 'Ultrasound', 'Paracetamol'),
(249, 391, 'Migraine', 'ENT Exam', 'Antihistamines'),
(250, 334, 'Asthma', 'Rapid Test', 'Cast'),
(251, 300, 'High Blood Pressure', 'ENT Exam', 'Painkillers'),
(252, 241, 'Cold', 'Lung Function Test', 'Beta Blockers'),
(253, 165, 'Fracture', 'MRI Scan', 'Beta Blockers'),
(254, 211, 'Asthma', 'Rapid Test', 'Cough Syrup'),
(255, 417, 'Back Pain', 'Blood Test', 'Insulin'),
(256, 46, 'Cold', 'Rapid Test', 'Beta Blockers'),
(257, 60, 'High Blood Pressure', 'Physiotherapy', 'Paracetamol'),
(258, 337, 'Back Pain', 'ENT Exam', 'Cough Syrup'),
(259, 28, 'Skin Allergy', 'Physiotherapy', 'Beta Blockers'),
(260, 319, 'Asthma', 'ENT Exam', 'Paracetamol'),
(261, 105, 'Diabetes', 'Physiotherapy', 'Cast'),
(262, 475, 'Diabetes', 'ENT Exam', 'Insulin'),
(263, 63, 'Flu', 'Ultrasound', 'Inhaler'),
(264, 364, 'Migraine', 'Rapid Test', 'Antihistamines'),
(265, 8, 'Back Pain', 'Lung Function Test', 'Painkillers'),
(266, 116, 'Fracture', 'ENT Exam', 'Painkillers'),
(267, 332, 'Migraine', 'ENT Exam', 'Antibiotics'),
(268, 261, 'Diabetes', 'Lung Function Test', 'Insulin'),
(269, 242, 'Skin Allergy', 'ENT Exam', 'Antihistamines'),
(270, 75, 'High Blood Pressure', 'Allergy Test', 'Vitamin D'),
(271, 261, 'Migraine', 'X-Ray', 'Antibiotics'),
(272, 396, 'High Blood Pressure', 'BP Monitoring', 'Antihistamines'),
(273, 137, 'Flu', 'Rapid Test', 'Antibiotics'),
(274, 429, 'Ear Infection', 'Ultrasound', 'Insulin'),
(275, 444, 'Migraine', 'ENT Exam', 'Antihistamines'),
(276, 248, 'Cold', 'BP Monitoring', 'Antihistamines'),
(277, 391, 'Back Pain', 'Lung Function Test', 'Insulin'),
(278, 478, 'Cold', 'Allergy Test', 'Inhaler'),
(279, 293, 'High Blood Pressure', 'Allergy Test', 'Cough Syrup'),
(280, 23, 'Cold', 'ENT Exam', 'Cough Syrup'),
(281, 198, 'Migraine', 'ENT Exam', 'Paracetamol'),
(282, 65, 'Back Pain', 'Ultrasound', 'Beta Blockers'),
(283, 446, 'Fracture', 'ENT Exam', 'Painkillers'),
(284, 270, 'Asthma', 'Blood Test', 'Cast'),
(285, 210, 'Migraine', 'X-Ray', 'Insulin'),
(286, 401, 'Diabetes', 'BP Monitoring', 'Vitamin D'),
(287, 355, 'High Blood Pressure', 'X-Ray', 'Beta Blockers'),
(288, 437, 'Back Pain', 'Lung Function Test', 'Beta Blockers'),
(289, 321, 'Asthma', 'Physiotherapy', 'Paracetamol'),
(290, 317, 'Fracture', 'Allergy Test', 'Antibiotics'),
(291, 117, 'Fracture', 'Lung Function Test', 'Painkillers'),
(292, 390, 'Fracture', 'ENT Exam', 'Cast'),
(293, 356, 'Diabetes', 'Blood Test', 'Paracetamol'),
(294, 167, 'Flu', 'Rapid Test', 'Beta Blockers'),
(295, 192, 'High Blood Pressure', 'MRI Scan', 'Inhaler'),
(296, 272, 'High Blood Pressure', 'Ultrasound', 'Cast'),
(297, 88, 'Migraine', 'X-Ray', 'Vitamin D'),
(298, 446, 'High Blood Pressure', 'Ultrasound', 'Inhaler'),
(299, 255, 'Ear Infection', 'MRI Scan', 'Inhaler'),
(300, 237, 'Diabetes', 'ENT Exam', 'Antibiotics'),
(301, 342, 'Flu', 'ENT Exam', 'Antibiotics'),
(302, 347, 'Back Pain', 'MRI Scan', 'Painkillers'),
(303, 227, 'Cold', 'Ultrasound', 'Antibiotics'),
(304, 328, 'High Blood Pressure', 'Rapid Test', 'Insulin'),
(305, 433, 'Diabetes', 'Allergy Test', 'Cough Syrup'),
(306, 437, 'Asthma', 'X-Ray', 'Inhaler'),
(307, 196, 'Ear Infection', 'BP Monitoring', 'Vitamin D'),
(308, 152, 'Diabetes', 'Blood Test', 'Cough Syrup'),
(309, 141, 'Flu', 'Ultrasound', 'Paracetamol'),
(310, 467, 'Ear Infection', 'ENT Exam', 'Antibiotics'),
(311, 398, 'Skin Allergy', 'Ultrasound', 'Beta Blockers'),
(312, 113, 'Skin Allergy', 'Ultrasound', 'Antibiotics'),
(313, 348, 'Migraine', 'X-Ray', 'Paracetamol'),
(314, 159, 'Asthma', 'Blood Test', 'Vitamin D'),
(315, 187, 'Migraine', 'X-Ray', 'Antibiotics'),
(316, 168, 'High Blood Pressure', 'MRI Scan', 'Inhaler'),
(317, 68, 'Back Pain', 'BP Monitoring', 'Antihistamines'),
(318, 257, 'Diabetes', 'MRI Scan', 'Antibiotics'),
(319, 468, 'Asthma', 'Rapid Test', 'Beta Blockers'),
(320, 412, 'Fracture', 'ENT Exam', 'Painkillers'),
(321, 73, 'Skin Allergy', 'Lung Function Test', 'Antihistamines'),
(322, 188, 'Fracture', 'Lung Function Test', 'Paracetamol'),
(323, 136, 'Back Pain', 'X-Ray', 'Insulin'),
(324, 189, 'Diabetes', 'Ultrasound', 'Cough Syrup'),
(325, 422, 'Cold', 'X-Ray', 'Inhaler'),
(326, 242, 'Flu', 'Ultrasound', 'Antihistamines'),
(327, 168, 'Ear Infection', 'Allergy Test', 'Painkillers'),
(328, 326, 'Asthma', 'Rapid Test', 'Cough Syrup'),
(329, 60, 'Migraine', 'Blood Test', 'Paracetamol'),
(330, 156, 'Asthma', 'X-Ray', 'Painkillers'),
(331, 121, 'Back Pain', 'MRI Scan', 'Cough Syrup'),
(332, 233, 'Cold', 'Physiotherapy', 'Cough Syrup'),
(333, 301, 'Migraine', 'Lung Function Test', 'Painkillers'),
(334, 427, 'Asthma', 'Ultrasound', 'Cough Syrup'),
(335, 481, 'Diabetes', 'Blood Test', 'Beta Blockers'),
(336, 112, 'Asthma', 'ENT Exam', 'Inhaler'),
(337, 438, 'Cold', 'X-Ray', 'Beta Blockers'),
(338, 279, 'Cold', 'Blood Test', 'Cough Syrup'),
(339, 142, 'Skin Allergy', 'X-Ray', 'Insulin'),
(340, 47, 'Skin Allergy', 'Ultrasound', 'Paracetamol'),
(341, 26, 'Cold', 'Allergy Test', 'Cast'),
(342, 403, 'Ear Infection', 'Allergy Test', 'Painkillers'),
(343, 425, 'Back Pain', 'Allergy Test', 'Vitamin D'),
(344, 111, 'Skin Allergy', 'BP Monitoring', 'Cast'),
(345, 404, 'Ear Infection', 'Blood Test', 'Antibiotics'),
(346, 440, 'Migraine', 'MRI Scan', 'Antihistamines'),
(347, 129, 'Migraine', 'X-Ray', 'Paracetamol'),
(348, 68, 'Flu', 'BP Monitoring', 'Inhaler'),
(349, 302, 'Cold', 'Blood Test', 'Cast'),
(350, 136, 'Flu', 'MRI Scan', 'Cough Syrup'),
(351, 270, 'Fracture', 'X-Ray', 'Insulin'),
(352, 230, 'Cold', 'Physiotherapy', 'Vitamin D'),
(353, 56, 'Asthma', 'Physiotherapy', 'Inhaler'),
(354, 485, 'Ear Infection', 'Blood Test', 'Antihistamines'),
(355, 155, 'Asthma', 'Blood Test', 'Paracetamol'),
(356, 246, 'High Blood Pressure', 'Lung Function Test', 'Painkillers'),
(357, 252, 'Asthma', 'X-Ray', 'Painkillers'),
(358, 165, 'Ear Infection', 'MRI Scan', 'Painkillers'),
(359, 65, 'Diabetes', 'Ultrasound', 'Vitamin D'),
(360, 281, 'Cold', 'Lung Function Test', 'Vitamin D'),
(361, 272, 'Diabetes', 'ENT Exam', 'Antihistamines'),
(362, 310, 'High Blood Pressure', 'X-Ray', 'Painkillers'),
(363, 437, 'Back Pain', 'Allergy Test', 'Cough Syrup'),
(364, 232, 'Skin Allergy', 'Lung Function Test', 'Beta Blockers'),
(365, 424, 'Asthma', 'Lung Function Test', 'Cough Syrup'),
(366, 374, 'Fracture', 'BP Monitoring', 'Cough Syrup'),
(367, 161, 'Diabetes', 'BP Monitoring', 'Cast'),
(368, 352, 'Asthma', 'X-Ray', 'Painkillers'),
(369, 426, 'Fracture', 'X-Ray', 'Cough Syrup'),
(370, 50, 'Cold', 'MRI Scan', 'Antihistamines'),
(371, 31, 'Ear Infection', 'Physiotherapy', 'Antihistamines'),
(372, 169, 'Fracture', 'Lung Function Test', 'Beta Blockers'),
(373, 448, 'High Blood Pressure', 'Blood Test', 'Antibiotics'),
(374, 308, 'Diabetes', 'BP Monitoring', 'Painkillers'),
(375, 296, 'Back Pain', 'Allergy Test', 'Cast'),
(376, 337, 'Asthma', 'Allergy Test', 'Painkillers'),
(377, 180, 'Back Pain', 'BP Monitoring', 'Painkillers'),
(378, 391, 'Diabetes', 'Ultrasound', 'Inhaler'),
(379, 414, 'High Blood Pressure', 'Physiotherapy', 'Vitamin D'),
(380, 315, 'Back Pain', 'Blood Test', 'Vitamin D'),
(381, 476, 'Diabetes', 'Blood Test', 'Cast'),
(382, 140, 'Diabetes', 'BP Monitoring', 'Beta Blockers'),
(383, 4, 'Migraine', 'MRI Scan', 'Vitamin D'),
(384, 337, 'High Blood Pressure', 'X-Ray', 'Cast'),
(385, 380, 'Flu', 'X-Ray', 'Antihistamines'),
(386, 111, 'High Blood Pressure', 'Lung Function Test', 'Insulin'),
(387, 175, 'Migraine', 'BP Monitoring', 'Antibiotics'),
(388, 370, 'Cold', 'Ultrasound', 'Vitamin D'),
(389, 44, 'Flu', 'MRI Scan', 'Cast'),
(390, 387, 'Ear Infection', 'Blood Test', 'Painkillers'),
(391, 140, 'Asthma', 'Lung Function Test', 'Insulin'),
(392, 311, 'Asthma', 'Lung Function Test', 'Antibiotics'),
(393, 111, 'Back Pain', 'X-Ray', 'Beta Blockers'),
(394, 221, 'Fracture', 'Rapid Test', 'Vitamin D'),
(395, 250, 'Back Pain', 'Rapid Test', 'Paracetamol'),
(396, 113, 'High Blood Pressure', 'Ultrasound', 'Paracetamol'),
(397, 4, 'Skin Allergy', 'Rapid Test', 'Inhaler'),
(398, 393, 'Migraine', 'Rapid Test', 'Antibiotics'),
(399, 168, 'Fracture', 'Blood Test', 'Insulin'),
(400, 383, 'High Blood Pressure', 'MRI Scan', 'Cast'),
(401, 195, 'Back Pain', 'Allergy Test', 'Antihistamines'),
(402, 287, 'Cold', 'X-Ray', 'Cough Syrup'),
(403, 442, 'Flu', 'Lung Function Test', 'Paracetamol'),
(404, 236, 'Fracture', 'BP Monitoring', 'Vitamin D'),
(405, 220, 'Ear Infection', 'Lung Function Test', 'Cough Syrup'),
(406, 149, 'Fracture', 'Lung Function Test', 'Paracetamol'),
(407, 495, 'Cold', 'MRI Scan', 'Vitamin D'),
(408, 236, 'Cold', 'X-Ray', 'Cough Syrup'),
(409, 433, 'Fracture', 'Allergy Test', 'Cough Syrup'),
(410, 302, 'High Blood Pressure', 'Physiotherapy', 'Painkillers'),
(411, 203, 'Diabetes', 'BP Monitoring', 'Inhaler'),
(412, 171, 'Migraine', 'X-Ray', 'Antihistamines'),
(413, 325, 'Fracture', 'Physiotherapy', 'Antihistamines'),
(414, 100, 'Cold', 'BP Monitoring', 'Cast'),
(415, 121, 'Fracture', 'MRI Scan', 'Antibiotics'),
(416, 102, 'Migraine', 'Ultrasound', 'Cast'),
(417, 390, 'Fracture', 'MRI Scan', 'Insulin'),
(418, 238, 'Ear Infection', 'Ultrasound', 'Insulin'),
(419, 349, 'Ear Infection', 'Ultrasound', 'Beta Blockers'),
(420, 443, 'Cold', 'MRI Scan', 'Insulin'),
(421, 35, 'Asthma', 'ENT Exam', 'Antibiotics'),
(422, 408, 'Diabetes', 'Ultrasound', 'Paracetamol'),
(423, 181, 'Back Pain', 'X-Ray', 'Antibiotics'),
(424, 237, 'Asthma', 'Blood Test', 'Paracetamol'),
(425, 189, 'Diabetes', 'X-Ray', 'Painkillers'),
(426, 315, 'Ear Infection', 'Physiotherapy', 'Cough Syrup'),
(427, 237, 'Ear Infection', 'Physiotherapy', 'Paracetamol'),
(428, 231, 'Ear Infection', 'Allergy Test', 'Beta Blockers'),
(429, 310, 'Asthma', 'Physiotherapy', 'Cast'),
(430, 491, 'Flu', 'ENT Exam', 'Painkillers'),
(431, 416, 'Cold', 'X-Ray', 'Antihistamines'),
(432, 331, 'Migraine', 'Blood Test', 'Inhaler'),
(433, 363, 'Asthma', 'ENT Exam', 'Antihistamines'),
(434, 268, 'Ear Infection', 'MRI Scan', 'Beta Blockers'),
(435, 191, 'Diabetes', 'Lung Function Test', 'Cough Syrup'),
(436, 397, 'Cold', 'Ultrasound', 'Paracetamol'),
(437, 405, 'Cold', 'X-Ray', 'Beta Blockers'),
(438, 49, 'Back Pain', 'Lung Function Test', 'Antibiotics'),
(439, 130, 'Ear Infection', 'MRI Scan', 'Beta Blockers'),
(440, 42, 'Ear Infection', 'MRI Scan', 'Beta Blockers'),
(441, 159, 'High Blood Pressure', 'MRI Scan', 'Vitamin D'),
(442, 363, 'Fracture', 'Rapid Test', 'Antihistamines'),
(443, 193, 'Cold', 'MRI Scan', 'Antihistamines'),
(444, 48, 'High Blood Pressure', 'Physiotherapy', 'Beta Blockers'),
(445, 10, 'Cold', 'Rapid Test', 'Cast'),
(446, 487, 'Skin Allergy', 'BP Monitoring', 'Insulin'),
(447, 99, 'Skin Allergy', 'MRI Scan', 'Cast'),
(448, 40, 'Diabetes', 'X-Ray', 'Antihistamines'),
(449, 395, 'Back Pain', 'Physiotherapy', 'Paracetamol'),
(450, 339, 'Cold', 'Ultrasound', 'Cast'),
(451, 306, 'High Blood Pressure', 'MRI Scan', 'Cast'),
(452, 93, 'Ear Infection', 'MRI Scan', 'Insulin'),
(453, 23, 'High Blood Pressure', 'BP Monitoring', 'Inhaler'),
(454, 497, 'Asthma', 'Ultrasound', 'Antibiotics'),
(455, 386, 'Asthma', 'Allergy Test', 'Antihistamines'),
(456, 123, 'Diabetes', 'ENT Exam', 'Inhaler'),
(457, 189, 'Ear Infection', 'ENT Exam', 'Insulin'),
(458, 394, 'Diabetes', 'Lung Function Test', 'Antihistamines'),
(459, 271, 'High Blood Pressure', 'MRI Scan', 'Inhaler'),
(460, 411, 'Ear Infection', 'MRI Scan', 'Antibiotics'),
(461, 27, 'Asthma', 'BP Monitoring', 'Antihistamines'),
(462, 479, 'Fracture', 'Physiotherapy', 'Painkillers'),
(463, 146, 'Fracture', 'MRI Scan', 'Antibiotics'),
(464, 231, 'Back Pain', 'MRI Scan', 'Cough Syrup'),
(465, 47, 'Skin Allergy', 'ENT Exam', 'Beta Blockers'),
(466, 477, 'Flu', 'Lung Function Test', 'Paracetamol'),
(467, 203, 'Back Pain', 'BP Monitoring', 'Inhaler'),
(468, 198, 'Fracture', 'BP Monitoring', 'Inhaler'),
(469, 15, 'Cold', 'X-Ray', 'Beta Blockers'),
(470, 406, 'Migraine', 'MRI Scan', 'Paracetamol'),
(471, 147, 'Asthma', 'MRI Scan', 'Insulin'),
(472, 230, 'Ear Infection', 'Blood Test', 'Painkillers'),
(473, 10, 'Diabetes', 'Allergy Test', 'Cast'),
(474, 281, 'Ear Infection', 'Physiotherapy', 'Cough Syrup'),
(475, 57, 'Diabetes', 'Allergy Test', 'Antibiotics'),
(476, 63, 'Flu', 'Allergy Test', 'Cough Syrup'),
(477, 328, 'Ear Infection', 'ENT Exam', 'Painkillers'),
(478, 57, 'Asthma', 'Ultrasound', 'Antihistamines'),
(479, 9, 'Back Pain', 'Ultrasound', 'Inhaler'),
(480, 368, 'Migraine', 'Rapid Test', 'Cough Syrup'),
(481, 1, 'Ear Infection', 'BP Monitoring', 'Inhaler'),
(482, 293, 'High Blood Pressure', 'MRI Scan', 'Painkillers'),
(483, 269, 'Cold', 'X-Ray', 'Antihistamines'),
(484, 279, 'Back Pain', 'Physiotherapy', 'Antihistamines'),
(485, 11, 'High Blood Pressure', 'ENT Exam', 'Paracetamol'),
(486, 326, 'High Blood Pressure', 'BP Monitoring', 'Antibiotics'),
(487, 383, 'Flu', 'BP Monitoring', 'Painkillers'),
(488, 177, 'Skin Allergy', 'X-Ray', 'Vitamin D'),
(489, 377, 'Cold', 'MRI Scan', 'Paracetamol'),
(490, 181, 'Back Pain', 'BP Monitoring', 'Cast'),
(491, 426, 'Asthma', 'ENT Exam', 'Cast'),
(492, 416, 'Migraine', 'X-Ray', 'Insulin'),
(493, 19, 'Diabetes', 'Allergy Test', 'Paracetamol'),
(494, 406, 'Skin Allergy', 'Blood Test', 'Beta Blockers'),
(495, 478, 'Diabetes', 'Physiotherapy', 'Cough Syrup'),
(496, 418, 'Back Pain', 'ENT Exam', 'Antibiotics'),
(497, 19, 'Skin Allergy', 'Rapid Test', 'Beta Blockers'),
(498, 442, 'Flu', 'BP Monitoring', 'Antibiotics'),
(499, 64, 'Cold', 'Lung Function Test', 'Cough Syrup'),
(500, 381, 'Asthma', 'Lung Function Test', 'Beta Blockers');

CREATE TABLE Doctors (
    DoctorID INT PRIMARY KEY,
    FirstName VARCHAR(50) ,
    LastName VARCHAR(50) ,
    Specialization VARCHAR(100) ,
    ContactNumber VARCHAR(15)
);

INSERT INTO Doctors (DoctorID, FirstName, LastName, Specialization, ContactNumber) VALUES
(1, 'Laura', 'Martinez', 'Neurology', '8030569067'),
(2, 'Christopher', 'Patterson', 'ENT', '8234143637'),
(3, 'Howard', 'Riddle', 'Cardiology', '3126043260'),
(4, 'Michelle', 'James', 'Oncology', '3356708604'),
(5, 'Juan', 'Bell', 'Pediatrics', '3502000534'),
(6, 'Craig', 'Lopez', 'Pediatrics', '5541108255'),
(7, 'Cassandra', 'Allen', 'Oncology', '3961129109'),
(8, 'Sara', 'Jones', 'Gynecology', '4738202368'),
(9, 'Patricia', 'West', 'Dermatology', '6176880294'),
(10, 'Stephanie', 'Brown', 'Pediatrics', '6788127868'),
(11, 'Joseph', 'White', 'Pediatrics', '9390878844'),
(12, 'Andrea', 'Jackson', 'Cardiology', '8340242403'),
(13, 'Aaron', 'Bailey', 'Pediatrics', '5184269450'),
(14, 'Jessica', 'Ramirez', 'ENT', '0891649837'),
(15, 'James', 'Soto', 'Gynecology', '2736527172'),
(16, 'Jacob', 'Henry', 'Dermatology', '4042269312'),
(17, 'Spencer', 'Brewer', 'Neurology', '1820916601'),
(18, 'John', 'Miller', 'Dermatology', '9001851327'),
(19, 'Kyle', 'Mendoza', 'Gynecology', '0848100184'),
(20, 'Donald', 'Barr', 'Psychiatry', '3662543617'),
(21, 'Cristian', 'Sosa', 'ENT', '1951510922'),
(22, 'Carol', 'Shelton', 'Psychiatry', '4945147541'),
(23, 'Luke', 'Myers', 'Gynecology', '1196421522'),
(24, 'Troy', 'Olson', 'Cardiology', '9523668788'),
(25, 'Lori', 'Cruz', 'Neurology', '8931350305'),
(26, 'Samantha', 'Brown', 'Dermatology', '5247286333'),
(27, 'Suzanne', 'Padilla', 'Orthopedics', '0650191792'),
(28, 'Donald', 'Sanchez', 'General Medicine', '9622728476'),
(29, 'Justin', 'Moore', 'Dermatology', '9282066784'),
(30, 'Jenna', 'Henderson', 'Cardiology', '4186236903'),
(31, 'Cassie', 'Jones', 'Neurology', '7566205634'),
(32, 'Michael', 'Maxwell', 'General Medicine', '0342811390'),
(33, 'James', 'Hickman', 'ENT', '4199097005'),
(34, 'Tina', 'Walton', 'Gynecology', '8356521568'),
(35, 'Andrew', 'Flynn', 'Gynecology', '9042271133'),
(36, 'Zachary', 'Chandler', 'ENT', '7254596063'),
(37, 'Charles', 'Hernandez', 'General Medicine', '1024817175'),
(38, 'Carlos', 'Ray', 'Psychiatry', '1127474721'),
(39, 'Michael', 'Mitchell', 'Neurology', '9275895516'),
(40, 'Natalie', 'Esparza', 'ENT', '9038021462'),
(41, 'Jeffrey', 'Sawyer', 'General Medicine', '5778711216'),
(42, 'Mark', 'Stewart', 'Pediatrics', '3714708272'),
(43, 'Anthony', 'Burke', 'Dermatology', '0567303064'),
(44, 'Donald', 'Hill', 'Cardiology', '4768342016'),
(45, 'James', 'Mcmahon', 'ENT', '7826596089'),
(46, 'Christina', 'Morris', 'Cardiology', '0272751648'),
(47, 'Cynthia', 'Fowler', 'Psychiatry', '0336829635'),
(48, 'Stephanie', 'Wood', 'Psychiatry', '0448177665'),
(49, 'Alexandra', 'Hubbard', 'Pediatrics', '2765289286'),
(50, 'Cynthia', 'Park', 'Gynecology', '1110961798'),
(51, 'Bianca', 'Johnson', 'ENT', '6337861371'),
(52, 'Rebecca', 'Newman', 'Neurology', '0538444463'),
(53, 'Alexis', 'Hernandez', 'Gynecology', '8955296386'),
(54, 'Maria', 'Solis', 'General Medicine', '2626582631'),
(55, 'Crystal', 'Mueller', 'Gynecology', '8253110609'),
(56, 'Jasmine', 'Knapp', 'Neurology', '9602752334'),
(57, 'Jessica', 'Roman', 'Dermatology', '4041209117'),
(58, 'Donald', 'Green', 'Psychiatry', '1175361706'),
(59, 'Jason', 'Barnes', 'Dermatology', '7224029901'),
(60, 'Wanda', 'Greene', 'ENT', '2841390808'),
(61, 'Michelle', 'Wilson', 'Gynecology', '0523124473'),
(62, 'Denise', 'Owens', 'ENT', '6863423461'),
(63, 'Gabriel', 'Harris', 'Dermatology', '6769459196'),
(64, 'Michael', 'Hurst', 'Psychiatry', '7208496498'),
(65, 'Danny', 'Lamb', 'Orthopedics', '2531355251'),
(66, 'Jennifer', 'Lewis', 'Pediatrics', '3816493831'),
(67, 'Sophia', 'Aguirre', 'ENT', '9665533077'),
(68, 'David', 'Chavez', 'ENT', '9639040907'),
(69, 'Benjamin', 'Ferguson', 'Orthopedics', '5017164455'),
(70, 'Kim', 'Snyder', 'General Medicine', '6477159103'),
(71, 'Daniel', 'Morris', 'General Medicine', '3213580040'),
(72, 'Charles', 'Murphy', 'Dermatology', '4229712529'),
(73, 'Aimee', 'Allen', 'ENT', '7457314415'),
(74, 'Heather', 'Jones', 'Psychiatry', '0303763715'),
(75, 'Willie', 'Edwards', 'Cardiology', '7281235679'),
(76, 'Jacob', 'Ramirez', 'Dermatology', '4912711307'),
(77, 'Thomas', 'Schmidt', 'Dermatology', '4181563268'),
(78, 'Brian', 'Nelson', 'Pediatrics', '0663436294'),
(79, 'April', 'Rodriguez', 'ENT', '3131009431'),
(80, 'Jeremy', 'Oliver', 'General Medicine', '6613473235'),
(81, 'Jessica', 'Davis', 'General Medicine', '4325122572'),
(82, 'Matthew', 'Thompson', 'Gynecology', '1209579073'),
(83, 'Lori', 'Bradley', 'Oncology', '3882211457'),
(84, 'Jonathan', 'Tucker', 'Oncology', '7054589714'),
(85, 'Tiffany', 'Chase', 'Oncology', '5703965313'),
(86, 'Natalie', 'Shelton', 'Pediatrics', '8245569644'),
(87, 'Abigail', 'Cooper', 'Psychiatry', '6795410727'),
(88, 'Cindy', 'Beck', 'Oncology', '7414070349'),
(89, 'Kevin', 'Jordan', 'Orthopedics', '0425488214'),
(90, 'Brenda', 'Miller', 'Neurology', '0753666144'),
(91, 'Anne', 'Shelton', 'Dermatology', '9234268344'),
(92, 'Sara', 'Murray', 'Psychiatry', '6612875857'),
(93, 'Robert', 'Jenkins', 'General Medicine', '8061294398'),
(94, 'Amy', 'Cunningham', 'Gynecology', '0626078701'),
(95, 'Matthew', 'Davis', 'Neurology', '9750198038'),
(96, 'Derek', 'Jacobson', 'Pediatrics', '4407931102'),
(97, 'Collin', 'Harris', 'Dermatology', '0876014672'),
(98, 'Lorraine', 'Maldonado', 'Pediatrics', '6202232883'),
(99, 'Keith', 'Garcia', 'Pediatrics', '5466176620'),
(100, 'Anne', 'Smith', 'Orthopedics', '0970527740'),
(101, 'Melissa', 'Gordon', 'Cardiology', '8681225957'),
(102, 'Sandra', 'Jones', 'Cardiology', '6792988425'),
(103, 'Breanna', 'Gallegos', 'Pediatrics', '0023117753'),
(104, 'Jessica', 'Cruz', 'Oncology', '1094101759'),
(105, 'Daniel', 'Cole', 'General Medicine', '9833477433'),
(106, 'Lindsey', 'Lee', 'Neurology', '1302056981'),
(107, 'Tyler', 'Collier', 'Oncology', '8559821766'),
(108, 'David', 'Holmes', 'ENT', '1730985034'),
(109, 'Carlos', 'Savage', 'General Medicine', '1893898469'),
(110, 'Brandi', 'Giles', 'Pediatrics', '0056435023'),
(111, 'Joe', 'Jones', 'ENT', '5169918724'),
(112, 'Tyler', 'Perez', 'Oncology', '6743000389'),
(113, 'Timothy', 'Hughes', 'ENT', '2668217195'),
(114, 'Samuel', 'Brown', 'Pediatrics', '1903689003'),
(115, 'David', 'White', 'Orthopedics', '5593429671'),
(116, 'Shawna', 'Harris', 'Cardiology', '3745843845'),
(117, 'Brian', 'Mccullough', 'Neurology', '4132834831'),
(118, 'Tiffany', 'Hale', 'ENT', '1070449641'),
(119, 'Patrick', 'Smith', 'Pediatrics', '6703362680'),
(120, 'Kathryn', 'Pineda', 'Orthopedics', '4930596601'),
(121, 'Michele', 'Hurley', 'Psychiatry', '6998426732'),
(122, 'Christopher', 'Wright', 'Oncology', '5960945449'),
(123, 'Ashley', 'Morris', 'Cardiology', '2770707057'),
(124, 'Brian', 'Mcmillan', 'Psychiatry', '9851724447'),
(125, 'Dylan', 'Williamson', 'Pediatrics', '3102879508'),
(126, 'Theresa', 'Smith', 'Neurology', '8093511871'),
(127, 'James', 'Hudson', 'Oncology', '1642059556'),
(128, 'Christy', 'Martin', 'Orthopedics', '4290193588'),
(129, 'Nicholas', 'Aguilar', 'Oncology', '6113989868'),
(130, 'Catherine', 'Hopkins', 'Psychiatry', '5439435353'),
(131, 'Heather', 'Wallace', 'Psychiatry', '5158815793'),
(132, 'Ashley', 'Serrano', 'General Medicine', '8369294455'),
(133, 'Robert', 'Lucero', 'Gynecology', '3270216487'),
(134, 'Mary', 'Johnson', 'Oncology', '1288665268'),
(135, 'Matthew', 'Summers', 'General Medicine', '9991015767'),
(136, 'Isabel', 'Quinn', 'Psychiatry', '2099576572'),
(137, 'Shirley', 'Davis', 'ENT', '7509889864'),
(138, 'Katherine', 'Mckay', 'Psychiatry', '3684995154'),
(139, 'Joshua', 'Gonzales', 'Oncology', '4491342138'),
(140, 'Carmen', 'Williams', 'Orthopedics', '0705349678'),
(141, 'Samantha', 'Moran', 'Oncology', '7674124151'),
(142, 'Eric', 'Rogers', 'Oncology', '8150618538'),
(143, 'Derrick', 'Bennett', 'Dermatology', '3472727423'),
(144, 'Aaron', 'Jones', 'Pediatrics', '2064969357'),
(145, 'Mary', 'Golden', 'Dermatology', '7695874131'),
(146, 'Mark', 'Bates', 'Psychiatry', '2751562779'),
(147, 'Kelly', 'Romero', 'Oncology', '0854566766'),
(148, 'Todd', 'Robinson', 'Pediatrics', '4763928319'),
(149, 'Cassidy', 'Smith', 'Dermatology', '6155810835'),
(150, 'Mary', 'Foster', 'Oncology', '4255638300'),
(151, 'Walter', 'Moody', 'Neurology', '2440330416'),
(152, 'Michelle', 'Jones', 'Dermatology', '0089219639'),
(153, 'William', 'Johnson', 'Pediatrics', '7314976461'),
(154, 'Joshua', 'Mitchell', 'Dermatology', '6076581739'),
(155, 'Sergio', 'Woods', 'Gynecology', '4521182379'),
(156, 'Richard', 'Massey', 'Gynecology', '0746452059'),
(157, 'Joseph', 'Clark', 'Psychiatry', '8753577881'),
(158, 'Nicholas', 'Sherman', 'Neurology', '8123710672'),
(159, 'Kaitlyn', 'Payne', 'Orthopedics', '0416448595'),
(160, 'Kelly', 'Cohen', 'Orthopedics', '8947735228'),
(161, 'Robert', 'Hernandez', 'Pediatrics', '0433187510'),
(162, 'Eric', 'Bell', 'ENT', '5034469459'),
(163, 'Amber', 'Hopkins', 'Orthopedics', '9213424912'),
(164, 'Mark', 'Ingram', 'Pediatrics', '9732033192'),
(165, 'Nancy', 'Morris', 'Neurology', '2876754813'),
(166, 'Kim', 'Mccarthy', 'ENT', '4858193242'),
(167, 'Tracy', 'Mccormick', 'ENT', '8652057563'),
(168, 'Patrick', 'White', 'Gynecology', '3758309451'),
(169, 'Sandra', 'Lawson', 'Psychiatry', '4760440907'),
(170, 'Glenn', 'Brady', 'Oncology', '0509222161'),
(171, 'Leon', 'Hodge', 'ENT', '3905529580'),
(172, 'Calvin', 'Bryan', 'Cardiology', '4127049386'),
(173, 'Joshua', 'Bell', 'Pediatrics', '7919711121'),
(174, 'Courtney', 'Smith', 'ENT', '0357134324'),
(175, 'Gregory', 'Taylor', 'ENT', '6334324474'),
(176, 'Beth', 'Bailey', 'General Medicine', '2096289365'),
(177, 'Holly', 'Gordon', 'Cardiology', '1834374018'),
(178, 'Tanner', 'Morris', 'General Medicine', '9051502675'),
(179, 'Robin', 'Torres', 'ENT', '8207979966'),
(180, 'Jennifer', 'Burke', 'Oncology', '6403816649'),
(181, 'Frank', 'Jackson', 'Cardiology', '9839225014'),
(182, 'Randy', 'Murray', 'Gynecology', '3244123361'),
(183, 'Megan', 'Brooks', 'Dermatology', '2517863767'),
(184, 'David', 'Hines', 'ENT', '6546968157'),
(185, 'Nicole', 'Thompson', 'ENT', '5558099613'),
(186, 'Bradley', 'Turner', 'Psychiatry', '5626244670'),
(187, 'Frank', 'Fleming', 'Psychiatry', '7151602529'),
(188, 'Alexander', 'Valdez', 'General Medicine', '6046419785'),
(189, 'Teresa', 'Rodriguez', 'Pediatrics', '6861205943'),
(190, 'Ryan', 'Marshall', 'Oncology', '1775095465'),
(191, 'Joseph', 'Carter', 'Pediatrics', '0754091508'),
(192, 'Christopher', 'Davis', 'Dermatology', '7645793897'),
(193, 'Nathan', 'Thomas', 'ENT', '6815466024'),
(194, 'Laura', 'Duncan', 'Oncology', '9883059736'),
(195, 'Walter', 'Williams', 'Cardiology', '2440630624'),
(196, 'Kristy', 'Reid', 'ENT', '3305319497'),
(197, 'Mark', 'Price', 'Gynecology', '5555727738'),
(198, 'Richard', 'Guerrero', 'ENT', '7851385445'),
(199, 'Eric', 'Richards', 'Orthopedics', '9660487368'),
(200, 'Stacy', 'Martinez', 'Oncology', '3319422686'),
(201, 'Rachel', 'Ramirez', 'Orthopedics', '1588863677'),
(202, 'Sandra', 'Thompson', 'General Medicine', '0857216966'),
(203, 'Christine', 'Taylor', 'Psychiatry', '9960593297'),
(204, 'Julia', 'Stephenson', 'Cardiology', '8832753273'),
(205, 'Calvin', 'Johnson', 'ENT', '7397327819'),
(206, 'Steven', 'Rivers', 'General Medicine', '0687616481'),
(207, 'Samuel', 'Carey', 'General Medicine', '4605687611'),
(208, 'Karen', 'Rodriguez', 'Cardiology', '5652373415'),
(209, 'Karen', 'Sherman', 'Neurology', '4757494902'),
(210, 'Anthony', 'Beard', 'ENT', '4429477422'),
(211, 'Michele', 'Scott', 'Orthopedics', '0394290458'),
(212, 'Christine', 'Jackson', 'Oncology', '2985856728'),
(213, 'Penny', 'Smith', 'Orthopedics', '5343324913'),
(214, 'Ashley', 'Fowler', 'Cardiology', '8335061581'),
(215, 'Melanie', 'Medina', 'Dermatology', '0798334233'),
(216, 'Tiffany', 'Baker', 'ENT', '1312840333'),
(217, 'Steven', 'Herrera', 'Gynecology', '5137171731'),
(218, 'Carmen', 'Evans', 'Pediatrics', '9617399704'),
(219, 'Travis', 'Thompson', 'Oncology', '8444835488'),
(220, 'Tiffany', 'Bautista', 'Gynecology', '0587722164'),
(221, 'Dana', 'Ryan', 'Gynecology', '3133484587'),
(222, 'Jason', 'Powers', 'ENT', '2362292587'),
(223, 'Jeremy', 'Baker', 'Dermatology', '5245557469'),
(224, 'Kathryn', 'Powell', 'ENT', '5274033445'),
(225, 'Krystal', 'Nguyen', 'Dermatology', '3987411325'),
(226, 'Stephanie', 'Arroyo', 'Neurology', '7349960105'),
(227, 'Samuel', 'Mitchell', 'Oncology', '2156229493'),
(228, 'John', 'Armstrong', 'Cardiology', '8840215573'),
(229, 'Jeremy', 'Cox', 'Psychiatry', '4490216667'),
(230, 'Robin', 'Hunt', 'Cardiology', '9608587495'),
(231, 'Christopher', 'Grant', 'Gynecology', '8281979316'),
(232, 'Pamela', 'Gamble', 'Pediatrics', '5129578606'),
(233, 'Cindy', 'Price', 'Neurology', '3562439587'),
(234, 'Patricia', 'Espinoza', 'Cardiology', '3234210890'),
(235, 'Stephanie', 'Murphy', 'Cardiology', '3334264335'),
(236, 'David', 'Gould', 'Pediatrics', '7360776336'),
(237, 'Tanya', 'Hunter', 'Pediatrics', '2317955633'),
(238, 'Timothy', 'Hicks', 'Cardiology', '0066615541'),
(239, 'Yvonne', 'Miller', 'General Medicine', '7045023290'),
(240, 'Donald', 'Harrison', 'Orthopedics', '0934596262'),
(241, 'Judy', 'Patrick', 'Pediatrics', '5120734654'),
(242, 'Krista', 'Rivera', 'Orthopedics', '0260869822'),
(243, 'Phyllis', 'Davis', 'Oncology', '1776872904'),
(244, 'David', 'Douglas', 'Neurology', '9177932382'),
(245, 'Julia', 'Love', 'General Medicine', '9133424579'),
(246, 'Vanessa', 'Adams', 'Pediatrics', '5652906032'),
(247, 'Mary', 'Young', 'Oncology', '5097753967'),
(248, 'Jose', 'Gonzales', 'Dermatology', '8552457871'),
(249, 'Bryan', 'Diaz', 'Gynecology', '8213711842'),
(250, 'Ryan', 'Joyce', 'Orthopedics', '8268323035'),
(251, 'Anna', 'Schmidt', 'General Medicine', '8583825212'),
(252, 'Amber', 'Friedman', 'General Medicine', '3406468677'),
(253, 'Aaron', 'King', 'Neurology', '3991062272'),
(254, 'Debbie', 'Myers', 'Orthopedics', '3513426192'),
(255, 'Emily', 'Hodges', 'Dermatology', '1848197374'),
(256, 'Shawn', 'Jones', 'Neurology', '4064176927'),
(257, 'Dakota', 'Bright', 'General Medicine', '3766014448'),
(258, 'Tonya', 'Miller', 'Cardiology', '7397396417'),
(259, 'Nicholas', 'Stone', 'Dermatology', '0919191135'),
(260, 'Lisa', 'Higgins', 'General Medicine', '5779806603'),
(261, 'Crystal', 'Murphy', 'ENT', '6074555347'),
(262, 'Holly', 'Walters', 'ENT', '3885652715'),
(263, 'Jodi', 'Huff', 'Pediatrics', '5411659726'),
(264, 'Michael', 'Shaffer', 'Neurology', '2250139488'),
(265, 'Gregory', 'Montgomery', 'General Medicine', '3119642585'),
(266, 'Dale', 'Blanchard', 'Pediatrics', '9915370382'),
(267, 'Jeffrey', 'Neal', 'Neurology', '3373204309'),
(268, 'Angela', 'Murillo', 'Dermatology', '6289696454'),
(269, 'Rachel', 'Giles', 'General Medicine', '8512538921'),
(270, 'Lawrence', 'Aguirre', 'Neurology', '5837490797'),
(271, 'Calvin', 'Forbes', 'General Medicine', '8780572151'),
(272, 'Stacey', 'Luna', 'Cardiology', '6263748453'),
(273, 'Douglas', 'Ryan', 'Gynecology', '0905911918'),
(274, 'John', 'Guzman', 'Psychiatry', '2071511696'),
(275, 'Dillon', 'Cooper', 'ENT', '4526471246'),
(276, 'Valerie', 'Schultz', 'Gynecology', '7184090805'),
(277, 'Tamara', 'Rice', 'Neurology', '5640995123'),
(278, 'Amanda', 'Daugherty', 'Psychiatry', '2959272827'),
(279, 'Savannah', 'Beasley', 'Gynecology', '4415298217'),
(280, 'Wendy', 'Mora', 'Cardiology', '8671815352'),
(281, 'Laura', 'Williams', 'ENT', '7918158998'),
(282, 'Dawn', 'Campbell', 'Oncology', '7346666170'),
(283, 'Anna', 'Lynch', 'Neurology', '7408031499'),
(284, 'Jocelyn', 'Ferguson', 'ENT', '4635806882'),
(285, 'Renee', 'Garcia', 'Gynecology', '3513739900'),
(286, 'Sandra', 'Smith', 'Oncology', '5263560229'),
(287, 'Nicole', 'Henderson', 'Orthopedics', '3460666437'),
(288, 'Courtney', 'Foster', 'ENT', '2311127128'),
(289, 'Stephanie', 'Espinoza', 'Orthopedics', '4844941163'),
(290, 'James', 'Holmes', 'Psychiatry', '7711306211'),
(291, 'Nathan', 'Rodgers', 'Dermatology', '9083350902'),
(292, 'Michael', 'Gonzalez', 'General Medicine', '6624813235'),
(293, 'Chad', 'Sanchez', 'Psychiatry', '8228501168'),
(294, 'Jennifer', 'Ramsey', 'Oncology', '5021306090'),
(295, 'Melody', 'Gill', 'Oncology', '9810796496'),
(296, 'Cheyenne', 'Reed', 'ENT', '7278532426'),
(297, 'Jody', 'Reynolds', 'General Medicine', '2076836253'),
(298, 'Steven', 'Chavez', 'Dermatology', '7555628333'),
(299, 'Stacy', 'Daniel', 'Gynecology', '7865436271'),
(300, 'Rebecca', 'Sosa', 'Pediatrics', '0335826862'),
(301, 'Paul', 'Estrada', 'Neurology', '9269326573'),
(302, 'Cheryl', 'Hines', 'Dermatology', '1110005155'),
(303, 'Kyle', 'Jones', 'Oncology', '9775244182'),
(304, 'David', 'Kent', 'Pediatrics', '2887431271'),
(305, 'Thomas', 'Woods', 'Oncology', '9579927079'),
(306, 'Olivia', 'Jones', 'General Medicine', '9462135415'),
(307, 'Christy', 'Garza', 'General Medicine', '5438480752'),
(308, 'Jose', 'Ferrell', 'ENT', '0471580290'),
(309, 'Oscar', 'Conway', 'Gynecology', '6046558665'),
(310, 'Andrea', 'Burns', 'Cardiology', '1715810213'),
(311, 'Calvin', 'Armstrong', 'Oncology', '1100591297'),
(312, 'David', 'Padilla', 'Gynecology', '1211063301'),
(313, 'James', 'Roth', 'Orthopedics', '9274907280'),
(314, 'Jose', 'Humphrey', 'Oncology', '1132532694'),
(315, 'Danielle', 'Robinson', 'Pediatrics', '5380442101'),
(316, 'Christine', 'Roth', 'Gynecology', '7015959194'),
(317, 'Judy', 'Castillo', 'Dermatology', '4758339205'),
(318, 'Mark', 'Hogan', 'Gynecology', '7772266025'),
(319, 'Michael', 'Hamilton', 'Dermatology', '2923106724'),
(320, 'Tyler', 'Moore', 'General Medicine', '3379766270'),
(321, 'Stephanie', 'Mccarthy', 'Dermatology', '2387367042'),
(322, 'Roy', 'Martinez', 'Psychiatry', '8455259710'),
(323, 'John', 'Blackburn', 'Cardiology', '5748595325'),
(324, 'Chelsea', 'Li', 'Psychiatry', '7970581629'),
(325, 'Travis', 'Morrison', 'Pediatrics', '1763425073'),
(326, 'Michael', 'Oliver', 'Neurology', '4575983399'),
(327, 'Jill', 'Lee', 'Pediatrics', '3660443240'),
(328, 'Miguel', 'Parsons', 'ENT', '7682975147'),
(329, 'Shawn', 'Martin', 'Oncology', '5010587525'),
(330, 'Cristina', 'Lucas', 'Psychiatry', '2590459908'),
(331, 'Caleb', 'Jones', 'Pediatrics', '1823155516'),
(332, 'Richard', 'Brown', 'Oncology', '6281372143'),
(333, 'Andrew', 'Day', 'Oncology', '7003322855'),
(334, 'William', 'Roberts', 'Oncology', '6810390339'),
(335, 'Jacqueline', 'Perkins', 'Cardiology', '8263280944'),
(336, 'Paul', 'Davenport', 'Neurology', '5354614707'),
(337, 'James', 'Rodriguez', 'Dermatology', '1339439457'),
(338, 'Pamela', 'Bridges', 'Pediatrics', '8040325376'),
(339, 'Carolyn', 'Martin', 'ENT', '7894319100'),
(340, 'Stacey', 'Conrad', 'Pediatrics', '7692105336'),
(341, 'Robert', 'Johnson', 'Dermatology', '1424731072'),
(342, 'Jenny', 'Gibson', 'General Medicine', '4097123166'),
(343, 'Ryan', 'Owens', 'Gynecology', '0901447340'),
(344, 'Hannah', 'Patrick', 'Oncology', '9687304519'),
(345, 'Amy', 'Brooks', 'Psychiatry', '8825562965'),
(346, 'Dylan', 'Chambers', 'Psychiatry', '8656194255'),
(347, 'Michelle', 'Martin', 'Gynecology', '5829582923'),
(348, 'Nicole', 'Mooney', 'ENT', '8190482357'),
(349, 'Amy', 'Foster', 'Psychiatry', '3956137230'),
(350, 'Drew', 'Jones', 'Gynecology', '3643813000'),
(351, 'Jacob', 'Parsons', 'Gynecology', '1471656094'),
(352, 'Jared', 'Patterson', 'Oncology', '9907075504'),
(353, 'Kayla', 'Henderson', 'Dermatology', '7060717481'),
(354, 'Shawn', 'Curry', 'Dermatology', '9705487396'),
(355, 'Brittney', 'Leonard', 'Dermatology', '8718274968'),
(356, 'David', 'Black', 'Pediatrics', '7420495612'),
(357, 'Todd', 'Smith', 'Neurology', '6042359737'),
(358, 'Donald', 'Yang', 'Pediatrics', '7756085816'),
(359, 'Samuel', 'Miles', 'Gynecology', '1145768321'),
(360, 'Ashley', 'Ortega', 'Neurology', '8584712961'),
(361, 'James', 'Evans', 'Psychiatry', '0508018498'),
(362, 'Luis', 'Sanchez', 'Orthopedics', '3377731268'),
(363, 'Elizabeth', 'Hodge', 'Pediatrics', '1781923653'),
(364, 'Karen', 'Williams', 'Pediatrics', '6035679327'),
(365, 'Debbie', 'Campos', 'Oncology', '3984716906'),
(366, 'Janet', 'Waters', 'Dermatology', '5464754895'),
(367, 'Tony', 'Todd', 'General Medicine', '7517588914'),
(368, 'Brooke', 'Perez', 'Psychiatry', '3935435864'),
(369, 'Elizabeth', 'Lopez', 'General Medicine', '4358853798'),
(370, 'Danielle', 'Harris', 'Dermatology', '2753674978'),
(371, 'Catherine', 'King', 'Neurology', '8601347789'),
(372, 'Robert', 'Baker', 'Pediatrics', '7917665122'),
(373, 'Blake', 'Jones', 'Dermatology', '8842163090'),
(374, 'Tiffany', 'Ball', 'Pediatrics', '6333999485'),
(375, 'Angela', 'Stewart', 'Gynecology', '2638902199'),
(376, 'Cody', 'Bruce', 'Orthopedics', '3792234103'),
(377, 'Michelle', 'Atkinson', 'Dermatology', '3311677269'),
(378, 'Kathy', 'Harris', 'Cardiology', '6855078967'),
(379, 'Drew', 'Jones', 'Psychiatry', '2633556434'),
(380, 'Natalie', 'Yu', 'Orthopedics', '1706955607'),
(381, 'Christopher', 'Scott', 'Dermatology', '4547223989'),
(382, 'Tiffany', 'Diaz', 'Cardiology', '1219804184'),
(383, 'Donald', 'Graham', 'Cardiology', '3642813190'),
(384, 'Amy', 'Mcmahon', 'Psychiatry', '3039111428'),
(385, 'Kathleen', 'Cummings', 'Dermatology', '8230524808'),
(386, 'Dennis', 'Williams', 'Orthopedics', '2395947372'),
(387, 'Danielle', 'Webster', 'Oncology', '6204787688'),
(388, 'Suzanne', 'Harding', 'Neurology', '9964862872'),
(389, 'Carol', 'Richardson', 'Cardiology', '1966645057'),
(390, 'Ryan', 'Little', 'General Medicine', '7924632037'),
(391, 'Steven', 'Marshall', 'Dermatology', '7260321450'),
(392, 'Paige', 'Wiggins', 'Oncology', '9458870715'),
(393, 'Sandra', 'Martin', 'Oncology', '2840083850'),
(394, 'Lauren', 'Stevens', 'Oncology', '4508917768'),
(395, 'William', 'Lutz', 'Gynecology', '6574223196'),
(396, 'Bobby', 'Turner', 'Orthopedics', '3693626894'),
(397, 'Frank', 'Johnson', 'Cardiology', '1372711759'),
(398, 'Barbara', 'Kelley', 'Dermatology', '5829849330'),
(399, 'Mark', 'Hicks', 'Oncology', '6094412833'),
(400, 'Sara', 'Terry', 'Neurology', '6669541329'),
(401, 'Sara', 'Brown', 'Neurology', '6267055143'),
(402, 'Brianna', 'Sullivan', 'ENT', '4392529596'),
(403, 'Christopher', 'Mclaughlin', 'Oncology', '8671200720'),
(404, 'Erika', 'Hull', 'Neurology', '9102451091'),
(405, 'Lori', 'Lee', 'General Medicine', '6714949819'),
(406, 'Steven', 'Phelps', 'Cardiology', '8179340652'),
(407, 'Stephanie', 'Torres', 'Orthopedics', '6345337220'),
(408, 'Nancy', 'Hernandez', 'Orthopedics', '2214559376'),
(409, 'Jessica', 'Turner', 'General Medicine', '7052635100'),
(410, 'Lisa', 'Ford', 'Dermatology', '5725659202'),
(411, 'Tommy', 'Mcneil', 'Neurology', '0238974326'),
(412, 'Jennifer', 'Mcbride', 'Pediatrics', '5017833258'),
(413, 'Pamela', 'Chaney', 'Neurology', '6079848704'),
(414, 'Bridget', 'Hanna', 'Psychiatry', '7679935937'),
(415, 'Lisa', 'Barnett', 'ENT', '6408303736'),
(416, 'Susan', 'Lang', 'General Medicine', '8860849079'),
(417, 'Keith', 'Wilson', 'General Medicine', '6852830615'),
(418, 'Cory', 'Velazquez', 'General Medicine', '2446263251'),
(419, 'Heather', 'Fowler', 'Pediatrics', '2103142175'),
(420, 'Steven', 'Martinez', 'Psychiatry', '1515263840'),
(421, 'Francis', 'Peterson', 'ENT', '7505661863'),
(422, 'Dana', 'Ayala', 'Oncology', '3787655300'),
(423, 'Ashley', 'Smith', 'Oncology', '5605712198'),
(424, 'Derek', 'Snyder', 'Dermatology', '1905348640'),
(425, 'Elizabeth', 'Murillo', 'General Medicine', '6245618517'),
(426, 'Andrew', 'Zavala', 'ENT', '2128991511'),
(427, 'Pamela', 'White', 'Dermatology', '9130448818'),
(428, 'Rebecca', 'Barrett', 'General Medicine', '6046154021'),
(429, 'Daniel', 'Woods', 'General Medicine', '5681429831'),
(430, 'Deborah', 'Carroll', 'Cardiology', '0732283608'),
(431, 'Travis', 'Young', 'General Medicine', '3963845269'),
(432, 'Joseph', 'Jensen', 'Neurology', '6497016934'),
(433, 'Lisa', 'Carpenter', 'Pediatrics', '2033016234'),
(434, 'Denise', 'Love', 'Pediatrics', '6153722155'),
(435, 'Erin', 'Ramos', 'Dermatology', '2365337746'),
(436, 'Ryan', 'Moore', 'Neurology', '7843614244'),
(437, 'Thomas', 'Farmer', 'Orthopedics', '9754373476'),
(438, 'Jeffrey', 'Conway', 'Pediatrics', '3763882145'),
(439, 'Joseph', 'Barrett', 'Orthopedics', '6019134438'),
(440, 'Sandra', 'Burton', 'Psychiatry', '2058695073'),
(441, 'Jennifer', 'Coleman', 'Neurology', '9369995167'),
(442, 'Mark', 'Hodge', 'Orthopedics', '7385736801'),
(443, 'Jesse', 'Delacruz', 'Cardiology', '7681187233'),
(444, 'Benjamin', 'Smith', 'ENT', '1497315391'),
(445, 'Amanda', 'Soto', 'Oncology', '0748207365'),
(446, 'Brandi', 'Buckley', 'General Medicine', '0655782019'),
(447, 'George', 'Moore', 'Oncology', '2333247073'),
(448, 'David', 'Barr', 'Dermatology', '5462127602'),
(449, 'Gregory', 'Cameron', 'Cardiology', '1123126163'),
(450, 'Jennifer', 'Stephenson', 'Pediatrics', '7298937629'),
(451, 'Jorge', 'Lewis', 'Dermatology', '3646871912'),
(452, 'Stefanie', 'Wilson', 'Dermatology', '6920828323'),
(453, 'Amy', 'Jones', 'Oncology', '5881445822'),
(454, 'Melissa', 'Harris', 'Neurology', '1829716815'),
(455, 'Victoria', 'Morgan', 'Pediatrics', '0000152911'),
(456, 'Scott', 'Shannon', 'Dermatology', '0902556184'),
(457, 'Christopher', 'Hess', 'General Medicine', '4781224890'),
(458, 'Billy', 'Hamilton', 'Pediatrics', '0900436551'),
(459, 'Alyssa', 'Sullivan', 'ENT', '3624835505'),
(460, 'Nicholas', 'Williams', 'Neurology', '7063369987'),
(461, 'Kelsey', 'Osborne', 'Psychiatry', '2104016481'),
(462, 'Jose', 'Quinn', 'Pediatrics', '8773836381'),
(463, 'Eric', 'Jones', 'Orthopedics', '9428946420'),
(464, 'Micheal', 'Hardy', 'Dermatology', '3144170646'),
(465, 'Katherine', 'Cline', 'Orthopedics', '2635582430'),
(466, 'Kyle', 'Conner', 'Neurology', '8988031538'),
(467, 'Maria', 'Hill', 'Cardiology', '7905040433'),
(468, 'James', 'Fox', 'Orthopedics', '1632111978'),
(469, 'Brandon', 'Cantrell', 'Dermatology', '9137326530'),
(470, 'Stephanie', 'Hull', 'General Medicine', '5617868800'),
(471, 'Wendy', 'Johnson', 'General Medicine', '5618298036'),
(472, 'Joseph', 'Campbell', 'Dermatology', '6093659520'),
(473, 'Chad', 'Martinez', 'Oncology', '1843368750'),
(474, 'James', 'Briggs', 'Neurology', '3998213745'),
(475, 'Christopher', 'Peck', 'Oncology', '2886050537'),
(476, 'Tammy', 'Manning', 'Dermatology', '1260030835'),
(477, 'Christopher', 'Pitts', 'ENT', '6271531234'),
(478, 'Lisa', 'Hicks', 'Dermatology', '6917768293'),
(479, 'Kara', 'Williams', 'Psychiatry', '4808735437'),
(480, 'Rick', 'Lewis', 'Psychiatry', '9101570908'),
(481, 'Jasmine', 'Pratt', 'Oncology', '9207492699'),
(482, 'Ashley', 'Bennett', 'Oncology', '8997184285'),
(483, 'John', 'Rivera', 'Neurology', '4084993231'),
(484, 'Kimberly', 'Parsons', 'General Medicine', '6980690872'),
(485, 'Kathryn', 'Compton', 'Cardiology', '7234838935'),
(486, 'Rachel', 'Meyer', 'ENT', '4056129965'),
(487, 'Richard', 'Hines', 'Gynecology', '6418696561'),
(488, 'Timothy', 'Simmons', 'General Medicine', '3859514346'),
(489, 'Briana', 'Mejia', 'Dermatology', '0027300869'),
(490, 'Yesenia', 'Wilson', 'Cardiology', '8311395001'),
(491, 'Cheryl', 'Ramirez', 'Neurology', '9150762839'),
(492, 'Brent', 'Richardson', 'Pediatrics', '4077794620'),
(493, 'Kathryn', 'Jenkins', 'General Medicine', '9250817760'),
(494, 'Carl', 'Strickland', 'General Medicine', '6884133373'),
(495, 'Michael', 'Arias', 'Cardiology', '5617817032'),
(496, 'Frank', 'James', 'Dermatology', '6385277895'),
(497, 'Jeffery', 'Jones', 'General Medicine', '4490295026'),
(498, 'Teresa', 'Davis', 'Cardiology', '4037341678'),
(499, 'Joyce', 'Porter', 'Orthopedics', '2102179821'),
(500, 'Sarah', 'Barnes', 'Oncology', '7973638318');

CREATE TABLE Patients (
    PatientID INT PRIMARY KEY,
    FirstName VARCHAR(50) ,
    LastName VARCHAR(50) ,
    Gender VARCHAR(20) CHECK (Gender IN ('Male', 'Female', 'Other')),
    DOB DATE ,
    ContactNumber VARCHAR(15) ,
    Address VARCHAR(255)
);

INSERT INTO Patients (PatientID, FirstName, LastName, Gender, DOB, ContactNumber, Address) VALUES
(1, 'Danielle', 'Johnson', 'Other', '1972-02-23', '3218196001', 'New Jamesside'),
(2, 'Robert', 'Cole', 'Male', '1972-07-29', '2654235116', 'Lindsaymouth'),
(3, 'Amanda', 'Dudley', 'Male', '1986-03-27', '8495931034', 'Ramirezstad'),
(4, 'Francisco', 'Kelly', 'Other', '1971-01-19', '9283276483', 'Port Leslieview'),
(5, 'Carl', 'Gentry', 'Female', '2011-11-28', '3767242388', 'Coxberg'),
(6, 'William', 'Davis', 'Male', '1941-02-16', '2269166978', 'Lake Nicoleview'),
(7, 'Kayla', 'Peterson', 'Male', '1974-08-29', '2704828148', 'Kathrynside'),
(8, 'Stephanie', 'Nielsen', 'Male', '1934-10-17', '7015430391', 'East Donna'),
(9, 'Stacey', 'Martin', 'Other', '2006-07-13', '3834657871', 'Andrewside'),
(10, 'Jerry', 'Robinson', 'Male', '1944-05-18', '3105183473', 'Sanchezfort'),
(11, 'Lindsey', 'Lee', 'Other', '1947-11-28', '5667010651', 'Taylorburgh'),
(12, 'Joshua', 'Wright', 'Other', '1944-12-22', '8108013267', 'East Nicholasfurt'),
(13, 'Joseph', 'Bowers', 'Other', '1996-08-22', '6872343098', 'New Thomashaven'),
(14, 'Eric', 'Yu', 'Male', '1945-08-14', '1913619399', 'Sandovalshire'),
(15, 'Alexandra', 'Donovan', 'Other', '1962-07-07', '3462475107', 'New Jasonview'),
(16, 'David', 'Bailey', 'Female', '1944-01-29', '5427849808', 'Darrellville'),
(17, 'Julia', 'Moore', 'Male', '1973-01-23', '5348740164', 'Lake Tina'),
(18, 'Evan', 'Ramos', 'Male', '1992-12-03', '1128059826', 'Rachelton'),
(19, 'Rachel', 'Clark', 'Male', '1968-09-04', '5869232260', 'West Erik'),
(20, 'Jacqueline', 'Reyes', 'Male', '1939-12-27', '3375433036', 'Michaelhaven'),
(21, 'Ricardo', 'Zavala', 'Male', '2007-09-11', '0142940196', 'South Rachelborough'),
(22, 'Jonathan', 'Fletcher', 'Other', '1934-12-12', '5615951484', 'Angelaborough'),
(23, 'Robert', 'Bentley', 'Other', '1958-05-26', '6804436995', 'New Thomas'),
(24, 'Rachel', 'Flynn', 'Male', '1957-10-23', '4895134332', 'Carrland'),
(25, 'Stanley', 'Mercado', 'Other', '2013-01-23', '6763201632', 'Port David'),
(26, 'Dennis', 'Marshall', 'Male', '2007-01-01', '7986872774', 'Simsview'),
(27, 'Scott', 'Reeves', 'Other', '1966-08-18', '5581223623', 'Amychester'),
(28, 'Bryan', 'Wall', 'Other', '1987-09-21', '9670546688', 'West Ryan'),
(29, 'Anthony', 'Rogers', 'Other', '1989-09-28', '7298069901', 'North Jorge'),
(30, 'Mark', 'Gibson', 'Other', '1980-08-25', '4641708053', 'East Mary'),
(31, 'Christine', 'Allen', 'Female', '1999-03-02', '9374529912', 'West Barbarafurt'),
(32, 'Randy', 'Espinoza', 'Male', '1945-01-21', '1491905865', 'Port Robertfort'),
(33, 'Daniel', 'Yu', 'Female', '2021-03-21', '2628498776', 'Port Sarah'),
(34, 'Joshua', 'Hayes', 'Other', '1997-12-17', '5075273545', 'New Stacyland'),
(35, 'John', 'Russell', 'Female', '2010-04-10', '7770143634', 'Ronaldside'),
(36, 'Mark', 'Warner', 'Male', '1971-08-03', '4313518233', 'Tinaborough'),
(37, 'Kenneth', 'Ward', 'Male', '1975-11-08', '8240084271', 'Mendozamouth'),
(38, 'Jack', 'Williams', 'Other', '1999-09-26', '1671902294', 'Obrienbury'),
(39, 'Kimberly', 'James', 'Female', '1994-12-20', '9649909133', 'East Andrea'),
(40, 'Eric', 'Ortiz', 'Female', '2015-07-14', '4034471349', 'Lake Edward'),
(41, 'Joseph', 'Thomas', 'Female', '1942-10-31', '4994717464', 'Millerton'),
(42, 'Pamela', 'Navarro', 'Male', '2016-11-17', '0139904902', 'Howardshire'),
(43, 'Ryan', 'Olsen', 'Male', '1947-02-18', '5655125674', 'Millerview'),
(44, 'Marcus', 'Cordova', 'Female', '1989-09-21', '8760385977', 'West Samuel'),
(45, 'Helen', 'Martinez', 'Male', '2020-06-17', '2480861317', 'Williamview'),
(46, 'Robert', 'Olson', 'Male', '1998-12-26', '7826398214', 'Loriport'),
(47, 'Jessica', 'Monroe', 'Female', '2013-08-23', '2787558867', 'Hallchester'),
(48, 'Bradley', 'Garner', 'Male', '1986-08-08', '2702895171', 'South Monica'),
(49, 'Tara', 'Jones', 'Female', '1970-10-14', '9615865780', 'Wendyland'),
(50, 'Ryan', 'Garcia', 'Female', '2020-12-19', '7240050455', 'Knightburgh'),
(51, 'George', 'Miller', 'Other', '1986-10-12', '7923747407', 'South Sierrashire'),
(52, 'Kevin', 'Hayden', 'Female', '1968-10-02', '4367136959', 'Hillshire'),
(53, 'Michelle', 'Osborne', 'Male', '1941-05-23', '4395339421', 'New Michaelberg'),
(54, 'Christopher', 'Phillips', 'Other', '1991-04-07', '3285884247', 'Mccartyberg'),
(55, 'Karen', 'Perez', 'Female', '1988-10-20', '1604817549', 'South Angel'),
(56, 'Nicole', 'Hoffman', 'Other', '2017-09-30', '1746120047', 'South Shawn'),
(57, 'Ellen', 'Paul', 'Male', '2008-03-27', '9261796405', 'Port Michael'),
(58, 'Tina', 'Richardson', 'Female', '2022-06-23', '0643171390', 'Port Anne'),
(59, 'Casey', 'Hubbard', 'Male', '1962-11-28', '3529042284', 'North Michael'),
(60, 'Kristina', 'Chapman', 'Other', '1936-11-11', '4026811775', 'Gordonton'),
(61, 'Jessica', 'Kerr', 'Female', '2024-05-23', '7007661771', 'North David'),
(62, 'Claudia', 'Richards', 'Other', '1978-12-22', '9847896118', 'South Matthew'),
(63, 'Shawn', 'Perry', 'Other', '1947-08-28', '6545271111', 'New Brian'),
(64, 'Sue', 'Hoffman', 'Female', '1951-05-09', '5604945198', 'Port Daniel'),
(65, 'Megan', 'Richardson', 'Other', '1972-08-17', '6899809402', 'Adamberg'),
(66, 'Ashley', 'Morales', 'Male', '1954-01-09', '1836675254', 'North Ericton'),
(67, 'Emily', 'Nelson', 'Other', '2024-10-21', '7976438156', 'Roseport'),
(68, 'Brandon', 'Foster', 'Male', '2016-04-13', '0343244510', 'South Amanda'),
(69, 'Jerry', 'Hansen', 'Male', '2025-08-20', '1606071596', 'Dariustown'),
(70, 'Tammy', 'Jackson', 'Other', '2018-11-04', '5161369681', 'West Kimberly'),
(71, 'Charles', 'Schultz', 'Male', '2006-12-06', '5523124329', 'Marshallshire'),
(72, 'Kathleen', 'Cole', 'Female', '2011-07-18', '5271774490', 'Steventon'),
(73, 'Brian', 'Decker', 'Male', '1945-02-27', '9986798079', 'Masonton'),
(74, 'Shannon', 'Shepherd', 'Male', '1981-06-16', '8203778892', 'Ortizmouth'),
(75, 'Erika', 'Williams', 'Male', '2020-07-30', '1518644925', 'Kylefurt'),
(76, 'David', 'Fletcher', 'Female', '1946-03-31', '8652816850', 'West Stacey'),
(77, 'Tom', 'Perez', 'Female', '1953-06-09', '1418880592', 'East Marie'),
(78, 'Kellie', 'Lamb', 'Female', '1957-03-30', '0653794738', 'West Erika'),
(79, 'Ashley', 'Alexander', 'Other', '1973-01-23', '8862392407', 'West Christopherburgh'),
(80, 'Joshua', 'Whitehead', 'Female', '1954-10-08', '1375060685', 'Jeffreymouth'),
(81, 'Sarah', 'Combs', 'Male', '2023-03-05', '2204727790', 'Port Edward'),
(82, 'Shelby', 'Lynch', 'Female', '1992-04-27', '4341036971', 'Lake Zacharybury'),
(83, 'Jennifer', 'Carter', 'Female', '1934-12-05', '3962185188', 'South Morganton'),
(84, 'Cynthia', 'Zavala', 'Male', '1969-03-28', '5153195205', 'Pollardfort'),
(85, 'Crystal', 'Cain', 'Other', '1943-04-21', '0430305486', 'Port Deborahport'),
(86, 'Michael', 'Norman', 'Female', '2023-12-17', '4156676527', 'Lauriechester'),
(87, 'Christian', 'Morrison', 'Other', '1959-04-11', '5115447962', 'Lake Mollystad'),
(88, 'Christina', 'Graham', 'Other', '2021-09-30', '1658202970', 'Michaelshire'),
(89, 'Antonio', 'Hernandez', 'Other', '1995-12-13', '5719285654', 'South April'),
(90, 'Robin', 'Wilson', 'Male', '1970-02-21', '3947312172', 'Jennaside'),
(91, 'Amber', 'Vance', 'Other', '1956-02-25', '5831323705', 'Laraside'),
(92, 'David', 'Henson', 'Other', '1943-08-31', '6786691251', 'Davidside'),
(93, 'Danielle', 'White', 'Male', '1952-04-11', '8018242253', 'West Jamesside'),
(94, 'Joshua', 'Weber', 'Other', '2018-05-04', '8299229959', 'Lake Kelliview'),
(95, 'Debra', 'Wang', 'Other', '1991-05-31', '7844736471', 'Washingtonborough'),
(96, 'Matthew', 'Thomas', 'Male', '1978-03-05', '6258815371', 'North Brent'),
(97, 'Sonia', 'Lin', 'Male', '1991-08-16', '2595327877', 'South Williambury'),
(98, 'Jason', 'Gomez', 'Female', '1941-08-05', '7974801624', 'South Brettside'),
(99, 'James', 'Tran', 'Female', '1944-09-21', '8784991216', 'Kariborough'),
(100, 'Carrie', 'Morales', 'Female', '1940-03-12', '0257872982', 'South Vicki'),
(101, 'Jodi', 'Evans', 'Other', '1980-06-30', '9470551694', 'Tammyshire'),
(102, 'Becky', 'Griffith', 'Other', '2014-02-18', '2896230913', 'Hernandezborough'),
(103, 'Robert', 'Hampton', 'Other', '1998-11-25', '2838578652', 'Ericaview'),
(104, 'Chelsea', 'Lee', 'Male', '1968-04-07', '8434437575', 'New Ericafurt'),
(105, 'Paula', 'Foster', 'Other', '1981-09-08', '4041574733', 'Derrickshire'),
(106, 'John', 'Williams', 'Female', '2006-12-28', '3016571208', 'Santosport'),
(107, 'Manuel', 'Brewer', 'Male', '1946-11-22', '8026206724', 'West Justinside'),
(108, 'Alice', 'Small', 'Male', '1952-12-24', '4315274205', 'New Melissa'),
(109, 'Penny', 'Wilcox', 'Male', '2004-11-04', '1612275304', 'Stephanieport'),
(110, 'Brandi', 'Berry', 'Female', '1970-04-24', '3017426841', 'East Susan'),
(111, 'Timothy', 'Gibson', 'Female', '2017-02-26', '6878339187', 'North Mariahaven'),
(112, 'James', 'Herrera', 'Female', '1957-02-09', '8713971870', 'Bryantton'),
(113, 'Angelica', 'Chambers', 'Male', '1976-08-28', '6403910651', 'Johnsonchester'),
(114, 'Hector', 'Taylor', 'Male', '2022-01-10', '5676618251', 'Lake Tiffany'),
(115, 'Mary', 'Avila', 'Other', '1975-04-28', '8686337524', 'Mendeztown'),
(116, 'John', 'Jones', 'Other', '2015-07-21', '7903067383', 'Jimshire'),
(117, 'Luis', 'Harper', 'Female', '1978-05-11', '4283644089', 'Williamsstad'),
(118, 'Shelly', 'Powers', 'Male', '2006-02-04', '6624628733', 'New Robertchester'),
(119, 'Angela', 'Anderson', 'Other', '1967-10-08', '3517518304', 'Port Charlesshire'),
(120, 'Jennifer', 'Hansen', 'Female', '1999-12-17', '5403317393', 'Kimberlyfurt'),
(121, 'Steven', 'Wong', 'Female', '1976-09-09', '5877175355', 'Lake Dustin'),
(122, 'Jose', 'Donovan', 'Other', '2013-07-15', '4235369378', 'Murraystad'),
(123, 'Gary', 'Cortez', 'Female', '2001-03-05', '8080100623', 'New Stephen'),
(124, 'Bruce', 'Little', 'Male', '2018-08-16', '7008860084', 'Drakeburgh'),
(125, 'Daniel', 'Davis', 'Female', '1954-12-24', '3984546156', 'West Gabriella'),
(126, 'Melanie', 'Valdez', 'Male', '2023-03-02', '1666870021', 'New Samanthabury'),
(127, 'Jason', 'Parrish', 'Male', '2011-11-08', '4014890250', 'Hickmanport'),
(128, 'Francisco', 'Allen', 'Other', '1987-09-06', '6218501631', 'Novakmouth'),
(129, 'Anthony', 'Nelson', 'Other', '1996-01-13', '3586629619', 'West Ericberg'),
(130, 'Jodi', 'Stewart', 'Other', '1949-03-20', '0475412126', 'Garcialand'),
(131, 'Michael', 'Davis', 'Female', '2016-02-09', '6046618398', 'West Kevin'),
(132, 'Trevor', 'Brown', 'Other', '1993-11-15', '6471543799', 'West Adam'),
(133, 'Randall', 'Skinner', 'Other', '1986-06-02', '7569245937', 'Kellyfort'),
(134, 'Tammy', 'Casey', 'Female', '1979-01-25', '4651939828', 'Salinasland'),
(135, 'Lori', 'Flynn', 'Other', '1990-05-26', '2434266179', 'Stephensstad'),
(136, 'Jacqueline', 'Burnett', 'Female', '2015-07-14', '1352909656', 'Jeffreyhaven'),
(137, 'Angela', 'Watts', 'Female', '1964-10-18', '5679825071', 'Port Sheliaberg'),
(138, 'Michael', 'Cooper', 'Male', '1962-11-14', '5717751401', 'Lake John'),
(139, 'Greg', 'Moore', 'Male', '2010-11-29', '7362266093', 'Smithborough'),
(140, 'Jamie', 'Goodwin', 'Other', '1943-03-26', '8255371478', 'Matthewsstad'),
(141, 'Michael', 'Ellis', 'Female', '1958-03-13', '9912513412', 'Barnesberg'),
(142, 'Bailey', 'Henderson', 'Male', '2000-12-13', '8274225790', 'East Lisa'),
(143, 'Tamara', 'Wagner', 'Male', '2002-01-30', '7677219034', 'Garymouth'),
(144, 'Ariel', 'Barton', 'Male', '2002-02-16', '9148580783', 'Nancyton'),
(145, 'Shannon', 'Bailey', 'Male', '1946-07-21', '1339596292', 'Amandaside'),
(146, 'Gary', 'Werner', 'Other', '1974-07-17', '9481260422', 'Port Megan'),
(147, 'Philip', 'Thomas', 'Male', '2020-10-13', '6671168457', 'Port Kimland'),
(148, 'Jessica', 'Ellis', 'Other', '2025-02-07', '1863637454', 'New Melissa'),
(149, 'Kristina', 'Shannon', 'Female', '1941-04-21', '1701277063', 'Clarencestad'),
(150, 'John', 'Watson', 'Other', '2023-01-12', '0643611037', 'New Erin'),
(151, 'Albert', 'Dominguez', 'Male', '1951-02-16', '2713611155', 'Lake Victoria'),
(152, 'Douglas', 'Moreno', 'Female', '1935-11-14', '7532697311', 'Bellchester'),
(153, 'Leonard', 'Taylor', 'Female', '1972-05-30', '3899940438', 'Phillipston'),
(154, 'Kristen', 'Leon', 'Other', '1967-04-16', '6137918055', 'Diazburgh'),
(155, 'Kathryn', 'Best', 'Female', '1944-08-25', '9104300684', 'Millerside'),
(156, 'Amanda', 'Hernandez', 'Other', '1946-02-03', '1832856914', 'North Sandy'),
(157, 'Darren', 'Salazar', 'Female', '1942-03-16', '2102027588', 'Lake Kimberly'),
(158, 'Joseph', 'Tanner', 'Other', '1938-09-17', '6481491778', 'West Eric'),
(159, 'Kerri', 'Shannon', 'Male', '1950-05-31', '8000307562', 'Walkerbury'),
(160, 'Robert', 'Cortez', 'Other', '1971-08-20', '9518023806', 'Markside'),
(161, 'Stephen', 'Wood', 'Other', '1974-05-27', '9375973832', 'New Michael'),
(162, 'Mary', 'Wiley', 'Male', '1980-04-23', '6413836702', 'Port April'),
(163, 'Jaclyn', 'Watson', 'Other', '1946-04-09', '8261990623', 'Haynesmouth'),
(164, 'Louis', 'Nelson', 'Other', '1944-11-17', '2912127756', 'South Kyle'),
(165, 'Joseph', 'Wilson', 'Female', '1956-03-02', '9035213568', 'North Stephanie'),
(166, 'Melissa', 'Hawkins', 'Other', '2009-08-02', '1712100323', 'Samanthaland'),
(167, 'Andrew', 'Brown', 'Female', '2022-08-20', '2151070296', 'Vegaburgh'),
(168, 'Michael', 'Odonnell', 'Male', '1972-02-21', '7209993476', 'West Patrickchester'),
(169, 'James', 'Wilkerson', 'Female', '2006-04-12', '8065787598', 'North Luis'),
(170, 'Jeffery', 'Huang', 'Female', '1972-12-13', '7859321334', 'Kellyburgh'),
(171, 'Gregory', 'Watkins', 'Male', '1983-07-19', '5992937842', 'East Carolyntown'),
(172, 'Alisha', 'Smith', 'Female', '2018-04-19', '2525002921', 'Janetfurt'),
(173, 'Brenda', 'Rogers', 'Male', '1978-08-15', '2675289539', 'Davidtown'),
(174, 'Stacy', 'Fry', 'Other', '1988-01-05', '2959391725', 'Garyland'),
(175, 'Lorraine', 'Santiago', 'Other', '1980-05-30', '0433154100', 'South Trevor'),
(176, 'Nicholas', 'Payne', 'Female', '1948-07-09', '9327104054', 'South Eugene'),
(177, 'Charles', 'Mcmahon', 'Other', '1947-05-22', '9970629620', 'South Heidi'),
(178, 'Jennifer', 'Blair', 'Male', '1970-10-26', '4310698720', 'West Madisonfort'),
(179, 'James', 'Johnson', 'Other', '1957-12-19', '1714677418', 'Woodmouth'),
(180, 'Bradley', 'Gonzales', 'Male', '1970-07-25', '4902115869', 'Cardenaschester'),
(181, 'Tammy', 'Mcdaniel', 'Other', '1999-05-04', '7416089899', 'East Teresa'),
(182, 'Lindsey', 'Martinez', 'Female', '1992-05-03', '6329451168', 'Apriltown'),
(183, 'Kristin', 'Dean', 'Other', '2005-11-01', '1622999119', 'Natalieview'),
(184, 'Patrick', 'Washington', 'Other', '2017-08-05', '0246299606', 'Mccallstad'),
(185, 'Andrew', 'Roth', 'Other', '1975-12-17', '4713247546', 'Lewischester'),
(186, 'Joyce', 'Malone', 'Male', '1985-08-09', '8214862890', 'East Antonioton'),
(187, 'Samantha', 'Bush', 'Male', '1972-01-02', '7861035797', 'Maxview'),
(188, 'Kaitlyn', 'Barker', 'Female', '1973-07-06', '6029333346', 'Buckburgh'),
(189, 'Carolyn', 'Smith', 'Male', '1969-01-24', '4665743748', 'North Williamstad'),
(190, 'Anna', 'Wheeler', 'Other', '1973-03-09', '1715454443', 'Port Meredithfurt'),
(191, 'Donna', 'Becker', 'Other', '1938-03-07', '4466609935', 'Williamburgh'),
(192, 'Mary', 'Walter', 'Male', '1959-05-15', '1724825135', 'Nathanshire'),
(193, 'Kelly', 'York', 'Other', '1998-10-03', '9991738168', 'East Victoria'),
(194, 'Matthew', 'Benitez', 'Female', '1996-12-27', '5217525007', 'South Kristen'),
(195, 'Kimberly', 'Anderson', 'Female', '1993-09-28', '6676008350', 'Lake Adambury'),
(196, 'Jeremy', 'Wiley', 'Male', '1977-03-11', '1689421044', 'Ryanberg'),
(197, 'Matthew', 'Valenzuela', 'Male', '1983-08-11', '2603323098', 'South Nancyview'),
(198, 'Kelsey', 'Dean', 'Female', '2015-07-20', '1001676184', 'West Robertville'),
(199, 'Elaine', 'Nelson', 'Female', '2017-02-21', '6189141173', 'West Jade'),
(200, 'Kenneth', 'Williams', 'Male', '2002-04-08', '7530011972', 'West Dawnmouth'),
(201, 'Vanessa', 'Phillips', 'Male', '1997-11-26', '1204556110', 'Michaelmouth'),
(202, 'Stephanie', 'Adams', 'Male', '1947-05-14', '5216674676', 'Port Erikchester'),
(203, 'Rhonda', 'Webb', 'Other', '2012-02-24', '2965902771', 'West Dianatown'),
(204, 'Janet', 'Gregory', 'Male', '2013-03-13', '5889163756', 'North Dawnburgh'),
(205, 'William', 'Harrison', 'Male', '2002-03-14', '1753540838', 'South Seanshire'),
(206, 'Shane', 'Gates', 'Other', '1995-07-24', '1701660880', 'Pamelaside'),
(207, 'Jamie', 'Powers', 'Female', '1981-02-07', '0375899757', 'West Michaelport'),
(208, 'Amy', 'Brooks', 'Male', '1949-03-09', '2726149331', 'Lake Matthew'),
(209, 'Katherine', 'Williams', 'Other', '2020-11-24', '7798270808', 'Lake Beth'),
(210, 'Jessica', 'Anderson', 'Male', '1987-06-11', '8669346547', 'Meganside'),
(211, 'Michelle', 'Joseph', 'Male', '2010-01-21', '3394522885', 'Aguilarchester'),
(212, 'Emily', 'English', 'Other', '2007-05-19', '6081062003', 'Dwayneton'),
(213, 'Hannah', 'Phillips', 'Female', '2008-05-14', '5719838638', 'Butlermouth'),
(214, 'Tammy', 'Brown', 'Other', '1968-12-03', '9735989334', 'East Jill'),
(215, 'David', 'Williams', 'Male', '1972-09-13', '2294057202', 'Tracyshire'),
(216, 'Andrea', 'Jones', 'Female', '1977-12-22', '2818268861', 'Markport'),
(217, 'Jeffery', 'Goodwin', 'Other', '2006-12-01', '8015739930', 'Scottport'),
(218, 'Angel', 'Black', 'Other', '1985-09-30', '7043581128', 'Lake Crystal'),
(219, 'Jason', 'Jennings', 'Female', '1948-11-10', '8612075011', 'New Lorraineview'),
(220, 'Rickey', 'Hayes', 'Male', '1989-10-05', '5061809190', 'West Kristinport'),
(221, 'Catherine', 'Campbell', 'Other', '1994-04-13', '6072832684', 'New Nancyberg'),
(222, 'David', 'Smith', 'Other', '2015-12-02', '8814353682', 'Jamesburgh'),
(223, 'Emily', 'Bradley', 'Other', '1942-02-12', '8141413975', 'West Christineborough'),
(224, 'Louis', 'Hayes', 'Male', '2018-08-07', '9299556205', 'Maryberg'),
(225, 'Erin', 'Rivera', 'Other', '2000-01-14', '7547812914', 'Jessicaland'),
(226, 'Jessica', 'Mcclain', 'Female', '2003-09-28', '9969308488', 'Walkershire'),
(227, 'Jessica', 'Carter', 'Female', '1997-12-17', '6580392827', 'Lake Jessica'),
(228, 'Sheila', 'Williams', 'Other', '2001-01-30', '1453038567', 'Dakotahaven'),
(229, 'Cynthia', 'Hill', 'Other', '1970-07-21', '6659184638', 'Sparkstown'),
(230, 'Warren', 'Taylor', 'Female', '1957-04-03', '1843222591', 'South Emmafort'),
(231, 'Jason', 'Martin', 'Female', '1990-08-21', '3029922809', 'Sandrahaven'),
(232, 'Susan', 'Greene', 'Other', '2011-06-03', '4137977236', 'New Donna'),
(233, 'Joseph', 'Ramsey', 'Female', '1981-05-09', '9913662103', 'New Cole'),
(234, 'Thomas', 'Mendez', 'Male', '1940-01-11', '1729806865', 'Port Timothy'),
(235, 'Kayla', 'Bell', 'Male', '2013-02-15', '6247314986', 'New Alexandrahaven'),
(236, 'Adrian', 'Pena', 'Male', '1977-09-16', '5126944869', 'Fischerchester'),
(237, 'Andrea', 'Grant', 'Male', '1959-01-15', '8874495621', 'East Williammouth'),
(238, 'Lauren', 'Mendez', 'Female', '1941-10-19', '6012796114', 'Lake Patrickfurt'),
(239, 'Christina', 'Meyer', 'Male', '2016-01-12', '2770384309', 'Lake Barry'),
(240, 'John', 'Smith', 'Other', '1956-02-22', '4656693801', 'Michaelview'),
(241, 'Jeremy', 'Mccarty', 'Other', '1996-08-10', '9042681818', 'Nancyshire'),
(242, 'John', 'Ramos', 'Male', '1986-01-13', '3577907141', 'Robertstad'),
(243, 'Zachary', 'Smith', 'Other', '1970-07-23', '4165182755', 'Lake Felicia'),
(244, 'Renee', 'Porter', 'Male', '1961-11-21', '3433339521', 'Port Mercedeston'),
(245, 'Melanie', 'Watson', 'Male', '1977-08-23', '9472846392', 'Ayerston'),
(246, 'Wayne', 'Long', 'Male', '1958-07-04', '1875003691', 'Jacobview'),
(247, 'Joel', 'Ruiz', 'Other', '2018-02-26', '5276365564', 'New Gina'),
(248, 'Lisa', 'Le', 'Other', '1966-10-22', '6322702672', 'Evansside'),
(249, 'Michele', 'Williams', 'Male', '1948-03-09', '0347175455', 'Andrewville'),
(250, 'Michael', 'Frazier', 'Male', '2017-02-18', '9982455877', 'Stevenberg'),
(251, 'Miranda', 'Davidson', 'Male', '1980-08-19', '9961125355', 'Nelsonmouth'),
(252, 'Kimberly', 'Mcmillan', 'Male', '2014-08-05', '6220234132', 'South Amytown'),
(253, 'Kelli', 'Warren', 'Female', '1946-01-17', '4921643347', 'North Austin'),
(254, 'Michael', 'Herman', 'Male', '1999-07-09', '8487282997', 'Reginafort'),
(255, 'Amber', 'Ballard', 'Other', '1994-11-07', '5642400825', 'Lake Sandrafort'),
(256, 'Kevin', 'Cannon', 'Male', '1974-08-01', '0853686632', 'Christianbury'),
(257, 'Zachary', 'Marsh', 'Female', '2018-03-05', '4846312241', 'Jackiefort'),
(258, 'Jacob', 'Smith', 'Other', '1941-06-21', '2144270312', 'Robertfort'),
(259, 'Whitney', 'Ford', 'Female', '1939-01-13', '1204618723', 'Port Jenniferfurt'),
(260, 'Kelsey', 'Ramos', 'Male', '1939-04-11', '7183764520', 'Timothyport'),
(261, 'James', 'Clay', 'Other', '2025-06-14', '1365024916', 'Barkerberg'),
(262, 'Nathan', 'Davis', 'Male', '1956-03-06', '1950052812', 'Lindamouth'),
(263, 'Jessica', 'Smith', 'Other', '1986-02-16', '2407784873', 'Mariomouth'),
(264, 'Joshua', 'Guerra', 'Other', '2010-03-09', '1827448570', 'New Melissabury'),
(265, 'Malik', 'Brown', 'Other', '2008-01-25', '3878294565', 'North Maryberg'),
(266, 'Gregory', 'Johnson', 'Female', '1949-04-14', '3109678994', 'North Sarahborough'),
(267, 'Diana', 'Hebert', 'Male', '1945-08-06', '0586509480', 'New Colton'),
(268, 'Jessica', 'Schmidt', 'Female', '1960-07-02', '8392886195', 'Port Henry'),
(269, 'Richard', 'Morgan', 'Female', '1956-03-29', '5585566593', 'Cannonview'),
(270, 'Michael', 'Chavez', 'Male', '1988-10-04', '0490824043', 'Samanthahaven'),
(271, 'Angela', 'Howe', 'Male', '1955-10-09', '0752245933', 'Carrollborough'),
(272, 'Jessica', 'Cummings', 'Male', '2000-05-21', '7919409610', 'Conradville'),
(273, 'Molly', 'Perez', 'Other', '2023-07-23', '6048058925', 'Lake Jessicafurt'),
(274, 'Tasha', 'Mullins', 'Female', '2013-01-03', '3646225179', 'Christopherhaven'),
(275, 'Ryan', 'Wolfe', 'Female', '1953-01-26', '8376938983', 'Morrisshire'),
(276, 'Christopher', 'Powers', 'Female', '1992-05-11', '5355904259', 'Williamsbury'),
(277, 'James', 'Brooks', 'Female', '1946-05-24', '0392405147', 'Lake Amanda'),
(278, 'James', 'Mills', 'Female', '1969-12-01', '9206980420', 'Briantown'),
(279, 'Carl', 'Guerrero', 'Other', '2024-12-11', '1046368157', 'East Vincent'),
(280, 'Stephen', 'House', 'Male', '1937-08-22', '3845762055', 'Lisaview'),
(281, 'Natasha', 'Zamora', 'Other', '1938-09-22', '3256216893', 'South Tara'),
(282, 'Renee', 'Murphy', 'Other', '2008-07-06', '3298324826', 'Carlosside'),
(283, 'Stacy', 'Wilson', 'Other', '1977-12-09', '0566474231', 'Catherinebury'),
(284, 'Caitlyn', 'Hall', 'Male', '1938-04-07', '1728975267', 'East Antonio'),
(285, 'Kathy', 'Smith', 'Male', '1971-06-11', '3331279757', 'New Jillfurt'),
(286, 'Jennifer', 'Long', 'Female', '2012-07-22', '8177038860', 'East Kellyfurt'),
(287, 'Nicole', 'Ayala', 'Other', '1973-08-17', '2649082771', 'South Robert'),
(288, 'Shannon', 'White', 'Female', '2015-01-21', '7145211175', 'South Andrea'),
(289, 'Bradley', 'Jackson', 'Male', '1980-05-02', '2220644742', 'New Kathytown'),
(290, 'Stephen', 'Foley', 'Male', '2008-09-07', '9733977671', 'New Joshua'),
(291, 'Courtney', 'Wilkins', 'Male', '1962-12-22', '2205020994', 'South Victoriaburgh'),
(292, 'Emily', 'Carr', 'Male', '2015-09-10', '7950145561', 'Thomasville'),
(293, 'Heather', 'Hill', 'Other', '2006-06-12', '8339019817', 'Jordanshire'),
(294, 'Wanda', 'Gomez', 'Female', '1952-05-15', '8772934301', 'Port Christina'),
(295, 'Robert', 'Williams', 'Male', '1982-04-21', '0344144885', 'Randyshire'),
(296, 'Christina', 'Johnson', 'Female', '1958-08-14', '5577027278', 'Port Adrianashire'),
(297, 'Jessica', 'Stewart', 'Male', '2007-08-26', '3955124056', 'Lopezville'),
(298, 'Michelle', 'Walton', 'Female', '1977-07-08', '4617357438', 'Kristenborough'),
(299, 'Robin', 'Wallace', 'Female', '1938-02-09', '8235784521', 'South Paulhaven'),
(300, 'Darrell', 'Collins', 'Male', '1940-09-15', '5701840943', 'Joshuamouth'),
(301, 'Kendra', 'Lambert', 'Male', '1971-10-28', '2410988138', 'Donaldport'),
(302, 'Audrey', 'Jackson', 'Female', '1977-02-03', '8702070160', 'Lake Caitlin'),
(303, 'Brittany', 'Huff', 'Other', '1995-05-24', '4538179217', 'Ruizbury'),
(304, 'Douglas', 'Huang', 'Male', '1969-11-01', '6255770171', 'West Katrina'),
(305, 'Cassandra', 'Anderson', 'Male', '1948-09-21', '1581487696', 'South Patrick'),
(306, 'Matthew', 'Cervantes', 'Other', '2015-02-23', '6958321971', 'Angelamouth'),
(307, 'Gregory', 'Blanchard', 'Other', '1944-03-10', '9657013290', 'Petershire'),
(308, 'Sergio', 'Harris', 'Male', '1977-10-21', '9465190986', 'Rachelton'),
(309, 'Aaron', 'Castro', 'Male', '1983-08-11', '4036965666', 'South Don'),
(310, 'Angela', 'Bridges', 'Male', '1983-10-02', '2422010276', 'Daltonchester'),
(311, 'Cindy', 'Gibson', 'Male', '1992-06-09', '6532690973', 'Arthurton'),
(312, 'Ashley', 'Bush', 'Female', '1950-02-12', '1284781891', 'Chloemouth'),
(313, 'Amanda', 'Smith', 'Female', '1996-07-05', '9565442094', 'Laneshire'),
(314, 'Brett', 'Mooney', 'Female', '2019-09-07', '4712814429', 'Lake Danielburgh'),
(315, 'Renee', 'Stevenson', 'Male', '2024-06-04', '5243728051', 'Mullinschester'),
(316, 'Kaylee', 'Young', 'Female', '1994-08-16', '3950410276', 'South Frances'),
(317, 'Peter', 'Baker', 'Male', '2006-11-28', '0476580185', 'Josephville'),
(318, 'Jonathan', 'Silva', 'Male', '1997-06-21', '9385258001', 'Lake Seanbury'),
(319, 'Jessica', 'King', 'Female', '1939-05-08', '9109391119', 'North Heather'),
(320, 'Jon', 'Owens', 'Male', '1945-01-07', '4654214066', 'Gregoryland'),
(321, 'Travis', 'Mcfarland', 'Female', '2017-10-11', '2712863917', 'North Ashleyview'),
(322, 'Kimberly', 'Smith', 'Female', '2002-06-14', '0064256908', 'Anthonyland'),
(323, 'Amber', 'Smith', 'Female', '2000-04-28', '9855460158', 'Deborahburgh'),
(324, 'Angela', 'Ponce', 'Female', '2024-08-22', '4615717320', 'South Paul'),
(325, 'Laura', 'Schneider', 'Female', '2002-09-21', '0050506138', 'North Benjamin'),
(326, 'Donald', 'Valdez', 'Other', '1998-11-06', '3202041792', 'South Brookebury'),
(327, 'Bryan', 'Harris', 'Other', '1980-08-17', '5198253092', 'Donaldchester'),
(328, 'Gary', 'Wood', 'Other', '1957-03-04', '3902196207', 'North Jasmine'),
(329, 'Brittney', 'Campbell', 'Other', '1999-07-02', '3248763290', 'Lake Margaretport'),
(330, 'Michael', 'Smith', 'Other', '1966-10-14', '1819588373', 'Port Edwardfort'),
(331, 'Tyler', 'Moore', 'Female', '1940-08-01', '5436459701', 'Port Anthony'),
(332, 'Zachary', 'Jones', 'Male', '1966-09-27', '9956353153', 'South Patricia'),
(333, 'Charles', 'Richards', 'Male', '1942-02-10', '2397265273', 'Davidshire'),
(334, 'Brian', 'Taylor', 'Female', '1998-01-27', '6253492929', 'Vincentfort'),
(335, 'Michelle', 'Robinson', 'Male', '1999-02-27', '4063356939', 'Bairdton'),
(336, 'Vickie', 'Quinn', 'Male', '2003-05-04', '6867177318', 'West Kenneth'),
(337, 'Deborah', 'Davis', 'Other', '2000-01-06', '2799077262', 'South Patriciamouth'),
(338, 'Alyssa', 'Phillips', 'Other', '1971-06-08', '1950850165', 'Michaelside'),
(339, 'Janet', 'Castro', 'Other', '1962-07-30', '5381793355', 'Brianstad'),
(340, 'Michael', 'Tucker', 'Male', '2006-05-25', '7884795137', 'West Susan'),
(341, 'Chase', 'Martin', 'Other', '1949-12-17', '7238046827', 'West Jaimetown'),
(342, 'Monica', 'Hall', 'Female', '2005-06-08', '6955798877', 'Georgeview'),
(343, 'Jeremy', 'Watson', 'Male', '1973-12-06', '2547292842', 'North Blake'),
(344, 'Leslie', 'Martinez', 'Male', '1970-02-26', '2380552578', 'North Richardfort'),
(345, 'Kayla', 'Gould', 'Other', '1978-04-19', '0885474929', 'Mcculloughberg'),
(346, 'Erica', 'Wilson', 'Female', '1938-02-02', '9375150939', 'North Christopher'),
(347, 'Melissa', 'Rhodes', 'Other', '1946-08-10', '3759980562', 'Alexanderstad'),
(348, 'Michael', 'Madden', 'Other', '2011-01-27', '3767426629', 'West Thomas'),
(349, 'Mikayla', 'Hatfield', 'Male', '1943-09-18', '1064628792', 'Angelaton'),
(350, 'Mackenzie', 'Turner', 'Male', '2014-05-12', '7873002447', 'South Rebecca'),
(351, 'Deanna', 'Johnson', 'Other', '1972-06-11', '1959796471', 'Port Jordanshire'),
(352, 'Brian', 'Flores', 'Male', '1953-02-26', '2045650448', 'Port Cody'),
(353, 'Karen', 'Stephens', 'Male', '1977-10-01', '4518952028', 'Petersonburgh'),
(354, 'Curtis', 'Moore', 'Male', '1964-10-22', '8988816711', 'Larrystad'),
(355, 'Don', 'Ramos', 'Other', '2016-01-21', '2401322342', 'Vazquezville'),
(356, 'Chris', 'Hampton', 'Male', '1993-05-29', '3108907140', 'Port Davidborough'),
(357, 'Briana', 'Gonzalez', 'Other', '1982-07-23', '1249552893', 'Port Belindatown'),
(358, 'Allison', 'Baldwin', 'Male', '1973-01-28', '8013875927', 'Colemanhaven'),
(359, 'Jeremy', 'Rodriguez', 'Female', '1977-06-27', '7182754801', 'Campbellport'),
(360, 'Gloria', 'Randall', 'Male', '1965-06-16', '4631752071', 'North Douglasfurt'),
(361, 'Heather', 'Madden', 'Other', '1957-09-05', '5353961367', 'Katelynfurt'),
(362, 'Michael', 'Estrada', 'Male', '1989-10-05', '8427114773', 'Port Carlostown'),
(363, 'Teresa', 'Reyes', 'Other', '1979-03-20', '4991187734', 'Amyside'),
(364, 'Amy', 'Cisneros', 'Other', '1939-01-06', '1675677002', 'Jordanport'),
(365, 'Jennifer', 'Freeman', 'Male', '1949-08-08', '8897782806', 'Jensenstad'),
(366, 'Katie', 'Mitchell', 'Other', '1943-01-28', '9025590561', 'Bellbury'),
(367, 'John', 'Wong', 'Male', '2015-05-11', '1415208507', 'Adamsfort'),
(368, 'Brianna', 'Odom', 'Female', '1986-02-15', '5917135785', 'Taraborough'),
(369, 'Tyler', 'Boone', 'Other', '1944-12-19', '4404963919', 'Carloshaven'),
(370, 'Thomas', 'Clark', 'Other', '1945-02-23', '8468536649', 'North Courtney'),
(371, 'Zachary', 'Lopez', 'Other', '2002-08-28', '7489690835', 'Lake Gina'),
(372, 'Kevin', 'Graham', 'Other', '1978-01-31', '3644249363', 'East Lauraport'),
(373, 'Steven', 'Castro', 'Female', '1994-01-27', '0324204482', 'Port Peggymouth'),
(374, 'Carolyn', 'Camacho', 'Female', '1990-02-09', '1623198189', 'East Carolmouth'),
(375, 'Mark', 'Silva', 'Male', '1987-10-15', '6321234764', 'Hollyville'),
(376, 'Leslie', 'Coleman', 'Other', '1968-03-29', '2575409003', 'Daniellestad'),
(377, 'Rebecca', 'Jennings', 'Other', '2007-07-08', '7606441343', 'Mccormickview'),
(378, 'Michelle', 'Morrow', 'Female', '2001-08-20', '6561248156', 'Nealton'),
(379, 'Danielle', 'White', 'Male', '1995-01-23', '0634591123', 'Sparksmouth'),
(380, 'Shannon', 'Russo', 'Female', '1952-11-19', '2954316526', 'North Sandrabury'),
(381, 'Rebecca', 'Mccann', 'Female', '1961-09-12', '2069694215', 'Lake Aliciamouth'),
(382, 'Margaret', 'Snyder', 'Male', '1965-04-08', '3447626393', 'South Laura'),
(383, 'Anthony', 'Cherry', 'Other', '1966-10-07', '3597107256', 'Charlesside'),
(384, 'Brian', 'Cook', 'Other', '1966-09-05', '5990048964', 'New Harryburgh'),
(385, 'William', 'Conrad', 'Female', '1998-06-03', '1586241502', 'Campbellview'),
(386, 'Chloe', 'Juarez', 'Female', '1970-08-12', '6257287032', 'South Jorgemouth'),
(387, 'Samuel', 'Carney', 'Female', '2002-01-27', '7587771215', 'Port Gary'),
(388, 'William', 'Nelson', 'Male', '2024-12-19', '9089261371', 'South Nathanielville'),
(389, 'Mary', 'Hernandez', 'Male', '1945-09-30', '7749050975', 'Port Dawnmouth'),
(390, 'Lauren', 'Manning', 'Female', '2009-03-08', '1642361032', 'North Kenneth'),
(391, 'Laurie', 'Fitzgerald', 'Other', '1976-12-02', '5158377674', 'Port Robertostad'),
(392, 'Christina', 'Hamilton', 'Other', '1992-09-11', '0857327881', 'Port Timberg'),
(393, 'Tracey', 'Sutton', 'Male', '1975-08-08', '8649081081', 'South Donnashire'),
(394, 'Lisa', 'Kelly', 'Male', '2014-05-30', '8017226016', 'Toddmouth'),
(395, 'Cindy', 'Baker', 'Other', '1960-03-11', '2194168006', 'Stevensfurt'),
(396, 'Misty', 'Church', 'Male', '2016-08-18', '4995641220', 'Port Anthony'),
(397, 'Timothy', 'Thomas', 'Other', '1967-08-15', '8314727601', 'Ruizmouth'),
(398, 'Brenda', 'Harris', 'Female', '2012-03-19', '0501667998', 'Tuckershire'),
(399, 'Jenny', 'Mcconnell', 'Male', '2001-02-12', '0806958146', 'Shanechester'),
(400, 'Andrew', 'Roberts', 'Female', '1960-11-15', '5738395972', 'Lauraburgh'),
(401, 'Christy', 'Campbell', 'Male', '1946-06-12', '2232971674', 'North Michaelview'),
(402, 'Michael', 'Moore', 'Male', '2003-03-29', '1561931837', 'Port Natalieview'),
(403, 'Paula', 'Castaneda', 'Female', '2004-11-10', '0771199180', 'Port Jamiestad'),
(404, 'Eric', 'Carter', 'Female', '1994-10-21', '1255213760', 'Williamland'),
(405, 'Joseph', 'Espinoza', 'Male', '1991-03-14', '3286326667', 'Thomastown'),
(406, 'Jennifer', 'Holmes', 'Female', '1944-03-08', '5562606029', 'Moralesside'),
(407, 'Morgan', 'Griffith', 'Other', '1977-05-29', '0489267389', 'Roweport'),
(408, 'Christopher', 'Medina', 'Other', '1987-10-17', '8843188485', 'Johnport'),
(409, 'Jessica', 'Benitez', 'Female', '1949-09-30', '5485101749', 'Port Julie'),
(410, 'Bonnie', 'Espinoza', 'Other', '2020-02-25', '5449268315', 'Shawnberg'),
(411, 'Jennifer', 'Poole', 'Other', '1945-11-13', '0627371586', 'Wigginsshire'),
(412, 'Victor', 'Henderson', 'Other', '1994-08-11', '6228277288', 'Johnsonburgh'),
(413, 'Sherry', 'Wood', 'Male', '1950-11-17', '1159408215', 'Toddberg'),
(414, 'Douglas', 'Lawrence', 'Other', '1941-05-03', '4327018510', 'Arielmouth'),
(415, 'Kimberly', 'Alvarez', 'Other', '2017-02-24', '2877725199', 'Morganton'),
(416, 'Susan', 'Wu', 'Female', '1972-06-19', '2094818139', 'Port Thomas'),
(417, 'Penny', 'Martinez', 'Other', '2007-02-06', '0433971895', 'Atkinstown'),
(418, 'Matthew', 'White', 'Male', '1937-12-27', '6411182422', 'Stephanieburgh'),
(419, 'Brian', 'Woodward', 'Male', '1959-05-31', '0461526546', 'Port Carla'),
(420, 'Joel', 'Romero', 'Female', '2003-05-14', '1405786170', 'Angelashire'),
(421, 'Emily', 'Sanchez', 'Male', '2010-03-18', '4967183258', 'Aliside'),
(422, 'Shannon', 'Smith', 'Male', '1997-12-14', '2007494653', 'East Jocelynshire'),
(423, 'Chad', 'Davis', 'Other', '1951-06-15', '8463985547', 'Jasonmouth'),
(424, 'Allen', 'Holt', 'Other', '2022-09-11', '9700268768', 'Port Lisamouth'),
(425, 'Emily', 'Gomez', 'Male', '1985-12-09', '6201753703', 'North Lisa'),
(426, 'Colleen', 'Stokes', 'Female', '1964-10-24', '7504793036', 'Jacksonborough'),
(427, 'Donna', 'Knight', 'Female', '2016-10-11', '1921249384', 'Erinmouth'),
(428, 'Aaron', 'Simmons', 'Other', '2023-03-09', '5664187758', 'Samanthaside'),
(429, 'Shane', 'Smith', 'Male', '1961-03-15', '1903613325', 'South Ryantown'),
(430, 'Brittany', 'Sims', 'Other', '1980-03-19', '3173505831', 'Lake Seanville'),
(431, 'Christopher', 'Brown', 'Female', '1939-04-03', '5120704961', 'West Melissafurt'),
(432, 'Cody', 'Walton', 'Male', '1966-06-11', '7676991507', 'North Curtis'),
(433, 'Brooke', 'Jones', 'Other', '1961-01-24', '8456797232', 'Breannahaven'),
(434, 'Susan', 'Webster', 'Other', '1977-01-25', '2749545089', 'South Mauriceborough'),
(435, 'Danielle', 'Harris', 'Female', '1944-01-10', '3779599594', 'South Nancyton'),
(436, 'Tyler', 'Mora', 'Other', '2021-08-26', '3793375636', 'North Michaelside'),
(437, 'Darius', 'Roberts', 'Female', '1961-03-04', '0033423425', 'North Gregory'),
(438, 'Jose', 'Garcia', 'Female', '1953-05-24', '1534735528', 'East Nicoleberg'),
(439, 'Laura', 'Lee', 'Male', '1986-03-10', '5963099384', 'Lake Lauraberg'),
(440, 'Melissa', 'Schmitt', 'Male', '2001-04-07', '1791286857', 'Jenniferhaven'),
(441, 'Heather', 'Baldwin', 'Other', '2002-01-21', '4969033373', 'Onealshire'),
(442, 'Eric', 'Kirby', 'Female', '1969-05-10', '2147853907', 'Hayeschester'),
(443, 'Robert', 'Ballard', 'Female', '1977-11-11', '6027341514', 'Port Joshuabury'),
(444, 'Corey', 'Jones', 'Male', '1939-12-04', '5354443928', 'Lynnfurt'),
(445, 'Sonya', 'Underwood', 'Male', '2023-11-26', '7826333738', 'Petersonland'),
(446, 'Lawrence', 'Lopez', 'Female', '1991-07-25', '7780529240', 'South Ronald'),
(447, 'Karen', 'Farmer', 'Male', '2007-11-19', '5909022599', 'Harrisfurt'),
(448, 'Bryce', 'Hughes', 'Other', '1999-05-02', '5974121820', 'East Chad'),
(449, 'Sydney', 'Campbell', 'Female', '1966-06-07', '8170580256', 'New Robert'),
(450, 'Julia', 'Price', 'Male', '1962-10-26', '3467299493', 'North Vickie'),
(451, 'Sean', 'Summers', 'Other', '2017-01-13', '8597779014', 'Austinburgh'),
(452, 'Robert', 'White', 'Female', '2018-10-15', '7629160324', 'South Robert'),
(453, 'Kathleen', 'Martinez', 'Other', '1984-11-24', '1856724380', 'Jamesfurt'),
(454, 'Melissa', 'Sanders', 'Other', '1936-03-05', '1257771183', 'Mckenzieburgh'),
(455, 'Mary', 'Lawson', 'Female', '1958-11-02', '1862104275', 'South Heather'),
(456, 'Mary', 'Cain', 'Other', '2021-12-15', '6470900633', 'North Roberttown'),
(457, 'Matthew', 'Lee', 'Male', '1943-04-25', '1220681558', 'Mcmillanville'),
(458, 'Jesse', 'Rodriguez', 'Male', '1978-09-22', '0650637314', 'East Robertfort'),
(459, 'Tonya', 'Garcia', 'Male', '2007-09-09', '4195625257', 'Reyesbury'),
(460, 'Wesley', 'Bush', 'Other', '1936-07-10', '0914363910', 'Jamesfurt'),
(461, 'James', 'Johnson', 'Male', '2016-02-11', '5245086403', 'New Brian'),
(462, 'Samantha', 'Mcneil', 'Other', '1964-12-27', '8527017130', 'East Brittanyborough'),
(463, 'Joel', 'Miller', 'Male', '1998-04-14', '2336293449', 'Millerstad'),
(464, 'Raymond', 'Jackson', 'Female', '1994-10-14', '8962706614', 'West Oscar'),
(465, 'Kevin', 'Campbell', 'Other', '2011-03-23', '1527323008', 'Bentleystad'),
(466, 'Patrick', 'Parker', 'Other', '2014-10-13', '6016923645', 'Lake Paulchester'),
(467, 'Jill', 'Allen', 'Male', '1939-05-31', '0249724399', 'Lake Jenniferfurt'),
(468, 'Raymond', 'Willis', 'Female', '1945-08-26', '6264488694', 'Lisaview'),
(469, 'Kaitlyn', 'Conrad', 'Male', '1988-11-17', '0270116864', 'Jacobberg'),
(470, 'James', 'White', 'Male', '1949-09-19', '9323023467', 'West Christopherville'),
(471, 'Joshua', 'Peterson', 'Female', '2014-06-03', '7710040901', 'Morrisonview'),
(472, 'Sarah', 'Kennedy', 'Female', '1980-08-01', '5555356690', 'South Monicafurt'),
(473, 'Jessica', 'Barron', 'Male', '1953-08-12', '9184357978', 'Allenstad'),
(474, 'Morgan', 'Montes', 'Female', '1979-01-07', '3976915671', 'Lake Douglas'),
(475, 'Abigail', 'Armstrong', 'Male', '2003-05-25', '2714872717', 'East Karen'),
(476, 'Donna', 'Davis', 'Other', '1993-11-26', '2564347128', 'New Katie'),
(477, 'Caroline', 'Schneider', 'Male', '1986-01-10', '8633414111', 'New Michaelmouth'),
(478, 'Stephanie', 'Ray', 'Other', '1934-12-11', '0983665528', 'South Albertmouth'),
(479, 'Leslie', 'Cabrera', 'Male', '1975-02-11', '7729420954', 'Welchborough'),
(480, 'Troy', 'Padilla', 'Female', '1985-12-26', '5233027642', 'Robertofort'),
(481, 'Veronica', 'Todd', 'Other', '1987-12-09', '8443861259', 'New Devin'),
(482, 'Heather', 'Carter', 'Female', '1954-06-05', '3305912662', 'Whiteton'),
(483, 'David', 'Robertson', 'Other', '1980-10-13', '2630136749', 'Hancockfurt'),
(484, 'Joshua', 'Delgado', 'Other', '1984-09-15', '1111783099', 'Port Brittanyfurt'),
(485, 'Todd', 'Newman', 'Male', '1993-09-26', '9215182606', 'Brownshire'),
(486, 'Amber', 'Fuentes', 'Male', '2023-05-31', '3129208751', 'Lake Evan'),
(487, 'Anna', 'York', 'Male', '1939-06-25', '1845826034', 'Taylorfort'),
(488, 'Heather', 'Mills', 'Male', '1982-08-21', '1030324329', 'Joshuachester'),
(489, 'Charles', 'Scott', 'Female', '1986-09-04', '6714628314', 'South Lorraine'),
(490, 'Leslie', 'French', 'Male', '1986-04-16', '9314181861', 'Kimberlyberg'),
(491, 'Misty', 'Perez', 'Male', '1936-01-22', '6361128497', 'Andreaville'),
(492, 'Peggy', 'Jackson', 'Other', '1987-09-26', '5889679240', 'South Ashley'),
(493, 'Joseph', 'Sellers', 'Female', '2021-09-16', '3967275784', 'West Cynthia'),
(494, 'Christopher', 'Torres', 'Female', '1977-04-12', '1131290148', 'South Tyler'),
(495, 'Gina', 'Rhodes', 'Other', '2007-03-06', '6093068538', 'Oconnellhaven'),
(496, 'Rebecca', 'Thompson', 'Other', '1984-09-02', '8506762515', 'Kevinport'),
(497, 'Joseph', 'Smith', 'Male', '2020-08-13', '3480797050', 'Michaeltown'),
(498, 'Michael', 'Bowen', 'Female', '1989-06-08', '0167318826', 'Port Diane'),
(499, 'Jeremy', 'Foster', 'Male', '1975-06-13', '6284177225', 'North Jake'),
(500, 'Billy', 'Foster', 'Other', '1979-10-17', '2374167872', 'Andersonville');



CREATE TABLE Billing (
    BillID INT,
    PatientID INT,
    Amount DECIMAL(10,2),
    BillingDate DATE,
    PaymentMethod VARCHAR(20)
);

INSERT INTO Billing (BillID, PatientID, Amount, BillingDate, PaymentMethod) VALUES
(1, 107, 1715.09, '2024-02-09', 'UPI'),
(2, 122, 1669.3, '2024-01-24', 'Cash'),
(3, 139, 1810.81, '2024-03-06', 'NetBanking'),
(4, 110, 1700.04, '2024-03-11', 'UPI'),
(5, 135, 1354.54, '2024-08-30', 'Cash'),
(6, 140, 1303.56, '2024-07-01', 'Cash'),
(7, 113, 1334.17, '2024-03-19', 'Cash'),
(8, 131, 1840.27, '2024-10-19', 'Card'),
(9, 141, 973.98, '2024-07-30', 'Cash'),
(10, 101, 527.27, '2024-11-02', 'UPI'),
(11, 132, 899.82, '2024-01-21', 'Cash'),
(12, 107, 1630.56, '2024-03-15', 'UPI'),
(13, 146, 1830.32, '2024-10-12', 'NetBanking'),
(14, 138, 1032.54, '2024-09-04', 'NetBanking'),
(15, 113, 1535.16, '2024-09-01', 'UPI'),
(16, 132, 1145.41, '2024-12-03', 'Card'),
(17, 137, 1646.92, '2024-05-24', 'UPI'),
(18, 136, 1281.8, '2024-03-21', 'Card'),
(19, 120, 1986.62, '2024-11-07', 'Cash'),
(20, 143, 1987.68, '2024-10-31', 'Card'),
(21, 101, 1879.19, '2024-12-24', 'NetBanking'),
(22, 115, 1798.86, '2024-10-17', 'NetBanking'),
(23, 105, 1538.67, '2024-03-13', 'Card'),
(24, 141, 548.76, '2024-07-08', 'Card'),
(25, 141, 573.65, '2024-10-16', 'NetBanking'),
(26, 112, 700.87, '2024-01-16', 'Card'),
(27, 115, 793.61, '2024-11-12', 'Cash'),
(28, 144, 1953.7, '2024-08-19', 'Card'),
(29, 104, 1979.58, '2024-01-15', 'NetBanking'),
(30, 142, 1007.9, '2024-08-19', 'Card'),
(31, 102, 1515.52, '2024-03-19', 'Cash'),
(32, 102, 907.83, '2024-09-21', 'Card'),
(33, 123, 1874.7, '2024-06-30', 'Cash'),
(34, 106, 902.11, '2024-11-23', 'NetBanking'),
(35, 108, 932.95, '2024-08-28', 'UPI'),
(36, 134, 930.26, '2024-09-28', 'UPI'),
(37, 115, 604.4, '2024-04-21', 'UPI'),
(38, 112, 1789.4, '2024-05-04', 'Cash'),
(39, 136, 924.63, '2024-06-17', 'UPI'),
(40, 132, 1178.59, '2024-12-09', 'Card'),
(41, 140, 1438.83, '2024-08-25', 'NetBanking'),
(42, 107, 1894.33, '2024-01-24', 'NetBanking'),
(43, 139, 1338.91, '2024-12-11', 'UPI'),
(44, 129, 1516.88, '2024-03-02', 'UPI'),
(45, 133, 1729.15, '2024-10-25', 'UPI'),
(46, 149, 1176.47, '2024-07-15', 'NetBanking'),
(47, 133, 1981.62, '2024-01-07', 'Card'),
(48, 130, 444.43, '2024-11-26', 'NetBanking'),
(49, 149, 1968.44, '2024-05-28', 'Card'),
(50, 119, 509.26, '2024-05-14', 'NetBanking'),
(51, 138, 1968.24, '2024-04-11', 'NetBanking'),
(52, 114, 792.7, '2024-08-14', 'Cash'),
(53, 146, 1639.64, '2024-06-04', 'Card'),
(54, 142, 684.45, '2024-12-16', 'NetBanking'),
(55, 138, 1469.82, '2024-03-24', 'NetBanking'),
(56, 136, 475.03, '2024-02-11', 'Cash'),
(57, 119, 1580.67, '2024-01-11', 'NetBanking'),
(58, 104, 1438.12, '2024-03-02', 'Cash'),
(59, 140, 880.4, '2024-08-07', 'NetBanking'),
(60, 102, 1332.93, '2024-12-20', 'Card'),
(61, 128, 1482.87, '2024-12-04', 'NetBanking'),
(62, 127, 1781.17, '2024-06-30', 'UPI'),
(63, 120, 1041.35, '2024-08-12', 'Card'),
(64, 107, 1108.61, '2024-02-29', 'Cash'),
(65, 101, 1937.92, '2024-08-25', 'NetBanking'),
(66, 123, 578.91, '2024-02-25', 'Card'),
(67, 148, 1868.85, '2024-08-09', 'UPI'),
(68, 120, 1375.7, '2024-11-28', 'UPI'),
(69, 103, 1003.43, '2024-07-16', 'Card'),
(70, 132, 1660.96, '2024-07-05', 'Card'),
(71, 119, 543.0, '2024-04-13', 'NetBanking'),
(72, 123, 548.44, '2024-10-06', 'UPI'),
(73, 142, 1255.63, '2024-05-07', 'Cash'),
(74, 135, 550.11, '2024-01-27', 'NetBanking'),
(75, 136, 1984.79, '2024-01-23', 'Card'),
(76, 139, 1920.38, '2024-07-16', 'Cash'),
(77, 129, 987.79, '2024-05-27', 'Cash'),
(78, 108, 735.73, '2024-03-21', 'NetBanking'),
(79, 106, 1027.02, '2024-02-17', 'Cash'),
(80, 105, 892.26, '2024-08-10', 'Cash'),
(81, 117, 1932.94, '2024-05-10', 'NetBanking'),
(82, 101, 1481.45, '2024-11-21', 'NetBanking'),
(83, 105, 1472.19, '2024-06-30', 'UPI'),
(84, 116, 1079.41, '2024-11-24', 'NetBanking'),
(85, 110, 1077.03, '2024-03-01', 'Card'),
(86, 106, 1602.97, '2024-10-21', 'UPI'),
(87, 129, 1449.17, '2024-04-18', 'UPI'),
(88, 101, 594.35, '2024-06-17', 'UPI'),
(89, 142, 1587.98, '2024-11-09', 'NetBanking'),
(90, 124, 648.11, '2024-09-22', 'NetBanking'),
(91, 103, 1932.01, '2024-01-03', 'NetBanking'),
(92, 149, 1030.14, '2024-02-20', 'NetBanking'),
(93, 108, 512.54, '2024-04-09', 'Cash'),
(94, 111, 1240.34, '2024-12-28', 'UPI'),
(95, 102, 1836.38, '2024-05-01', 'UPI'),
(96, 107, 1560.08, '2024-05-22', 'Card'),
(97, 127, 1388.93, '2024-08-01', 'NetBanking'),
(98, 124, 1460.61, '2024-09-29', 'Card'),
(99, 134, 666.47, '2024-04-27', 'UPI'),
(100, 117, 1030.02, '2024-03-22', 'Card'),
(101, 147, 575.02, '2024-12-13', 'Cash'),
(102, 124, 588.33, '2024-11-27', 'NetBanking'),
(103, 122, 1681.83, '2024-10-21', 'Card'),
(104, 113, 1847.24, '2024-02-02', 'NetBanking'),
(105, 147, 1779.72, '2024-04-10', 'NetBanking'),
(106, 129, 1913.6, '2024-12-26', 'Cash'),
(107, 136, 1334.41, '2024-08-22', 'NetBanking'),
(108, 112, 1167.93, '2024-03-07', 'NetBanking'),
(109, 131, 1471.68, '2024-10-28', 'NetBanking'),
(110, 131, 722.41, '2024-03-07', 'Card'),
(111, 124, 871.75, '2024-01-01', 'Cash'),
(112, 118, 1968.15, '2024-03-27', 'NetBanking'),
(113, 121, 1240.89, '2024-06-24', 'UPI'),
(114, 111, 455.62, '2024-06-02', 'Cash'),
(115, 121, 1019.74, '2024-06-01', 'UPI'),
(116, 101, 1862.63, '2024-08-08', 'Cash'),
(117, 149, 1355.52, '2024-05-24', 'UPI'),
(118, 125, 1907.78, '2024-10-14', 'Card'),
(119, 103, 1901.73, '2024-06-01', 'Cash'),
(120, 108, 1701.63, '2024-04-28', 'Card'),
(121, 120, 546.08, '2024-12-23', 'Card'),
(122, 121, 973.89, '2024-03-12', 'NetBanking'),
(123, 111, 1689.18, '2024-03-30', 'UPI'),
(124, 143, 1922.82, '2024-05-28', 'Card'),
(125, 117, 1669.07, '2024-07-18', 'UPI'),
(126, 112, 621.29, '2024-04-12', 'Cash'),
(127, 136, 609.57, '2024-10-22', 'UPI'),
(128, 141, 1663.26, '2024-05-18', 'Cash'),
(129, 139, 1433.98, '2024-07-14', 'Card'),
(130, 116, 472.54, '2024-09-02', 'Cash'),
(131, 146, 416.48, '2024-10-23', 'UPI'),
(132, 125, 1702.79, '2024-05-19', 'Card'),
(133, 103, 1909.72, '2024-07-20', 'Cash'),
(134, 109, 1352.82, '2024-07-10', 'Card'),
(135, 125, 1206.93, '2024-10-12', 'Cash'),
(136, 123, 1875.37, '2024-07-28', 'UPI'),
(137, 143, 1277.39, '2024-05-03', 'Cash'),
(138, 107, 863.54, '2024-04-16', 'NetBanking'),
(139, 148, 502.52, '2024-05-01', 'NetBanking'),
(140, 143, 914.8, '2024-08-27', 'Cash'),
(141, 124, 711.42, '2024-11-07', 'UPI'),
(142, 135, 1103.03, '2024-11-23', 'NetBanking'),
(143, 111, 1198.16, '2024-02-11', 'Cash'),
(144, 116, 1483.52, '2024-01-29', 'UPI'),
(145, 112, 1125.25, '2024-01-06', 'Card'),
(146, 105, 728.07, '2024-04-19', 'UPI'),
(147, 108, 902.97, '2024-03-19', 'Card'),
(148, 128, 1946.44, '2024-03-08', 'UPI'),
(149, 118, 1795.99, '2024-08-23', 'Cash'),
(150, 106, 1808.2, '2024-12-03', 'Cash'),
(151, 113, 1404.37, '2024-03-03', 'Cash'),
(152, 140, 714.38, '2024-01-20', 'NetBanking'),
(153, 148, 1351.45, '2024-06-11', 'NetBanking'),
(154, 137, 1352.16, '2024-04-16', 'Cash'),
(155, 129, 1068.04, '2024-10-03', 'Card'),
(156, 146, 1464.78, '2024-02-01', 'Card'),
(157, 105, 568.73, '2024-01-08', 'Card'),
(158, 150, 1742.82, '2024-12-27', 'Cash'),
(159, 107, 431.78, '2024-01-31', 'UPI'),
(160, 129, 1627.76, '2024-04-25', 'Card'),
(161, 111, 848.11, '2024-12-16', 'UPI'),
(162, 110, 410.43, '2024-09-19', 'NetBanking'),
(163, 132, 1165.56, '2024-08-29', 'Card'),
(164, 120, 1798.29, '2024-08-12', 'NetBanking'),
(165, 118, 1295.82, '2024-05-28', 'Card'),
(166, 144, 1038.92, '2024-06-16', 'Cash'),
(167, 103, 728.38, '2024-06-27', 'Cash'),
(168, 126, 1447.91, '2024-12-22', 'NetBanking'),
(169, 143, 1721.81, '2024-10-27', 'UPI'),
(170, 127, 528.31, '2024-11-04', 'UPI'),
(171, 138, 1927.29, '2024-03-06', 'Cash'),
(172, 129, 545.28, '2024-10-28', 'Cash'),
(173, 118, 1581.62, '2024-07-10', 'UPI'),
(174, 127, 1170.45, '2024-12-27', 'NetBanking'),
(175, 136, 1583.18, '2024-06-22', 'NetBanking'),
(176, 128, 1818.03, '2024-01-08', 'Card'),
(177, 147, 1921.82, '2024-04-23', 'NetBanking'),
(178, 141, 1182.18, '2024-12-22', 'Cash'),
(179, 146, 1399.8, '2024-02-23', 'NetBanking'),
(180, 106, 1923.97, '2024-02-10', 'UPI'),
(181, 108, 1520.63, '2024-10-31', 'Cash'),
(182, 129, 1184.13, '2024-10-25', 'UPI'),
(183, 134, 907.6, '2024-02-22', 'Card'),
(184, 136, 936.27, '2024-07-03', 'Cash'),
(185, 106, 1508.33, '2024-01-10', 'Card'),
(186, 118, 1727.52, '2024-03-31', 'NetBanking'),
(187, 132, 1479.15, '2024-07-09', 'NetBanking'),
(188, 102, 1019.38, '2024-07-30', 'Card'),
(189, 131, 772.5, '2024-04-08', 'Cash'),
(190, 141, 941.39, '2024-12-03', 'NetBanking'),
(191, 129, 1954.24, '2024-02-11', 'Cash'),
(192, 126, 779.19, '2024-08-29', 'NetBanking'),
(193, 122, 1570.36, '2024-08-24', 'UPI'),
(194, 139, 544.03, '2024-03-01', 'Card'),
(195, 101, 1070.82, '2024-09-01', 'Card'),
(196, 135, 1289.82, '2024-08-13', 'NetBanking'),
(197, 140, 1229.1, '2024-11-03', 'NetBanking'),
(198, 105, 1477.03, '2024-03-31', 'NetBanking'),
(199, 122, 1005.42, '2024-08-19', 'Cash'),
(200, 111, 977.84, '2024-06-25', 'NetBanking'),
(201, 128, 1366.62, '2024-02-26', 'UPI'),
(202, 147, 1294.1, '2024-08-25', 'Card'),
(203, 119, 463.78, '2024-08-01', 'Card'),
(204, 119, 1869.58, '2024-09-09', 'UPI'),
(205, 144, 1016.61, '2024-11-15', 'Card'),
(206, 130, 1433.33, '2024-11-17', 'NetBanking'),
(207, 133, 404.85, '2024-03-20', 'Card'),
(208, 111, 1919.38, '2024-07-31', 'UPI'),
(209, 150, 1127.18, '2024-10-27', 'NetBanking'),
(210, 148, 1275.67, '2024-09-18', 'UPI'),
(211, 112, 1854.07, '2024-03-04', 'NetBanking'),
(212, 113, 1783.81, '2024-05-08', 'Cash'),
(213, 138, 772.83, '2024-09-09', 'Card'),
(214, 104, 1683.37, '2024-01-11', 'NetBanking'),
(215, 146, 682.8, '2024-10-25', 'Card'),
(216, 125, 1550.19, '2024-10-19', 'UPI'),
(217, 126, 991.89, '2024-08-02', 'NetBanking'),
(218, 138, 471.0, '2024-10-27', 'UPI'),
(219, 134, 1164.6, '2024-07-07', 'UPI'),
(220, 139, 699.9, '2024-04-18', 'Card'),
(221, 136, 751.61, '2024-01-16', 'Cash'),
(222, 121, 1013.5, '2024-10-10', 'Card'),
(223, 122, 1941.92, '2024-12-08', 'Card'),
(224, 142, 1725.67, '2024-04-20', 'NetBanking'),
(225, 135, 1788.48, '2024-03-02', 'Cash'),
(226, 129, 1136.02, '2024-05-28', 'NetBanking'),
(227, 124, 1747.07, '2024-02-23', 'NetBanking'),
(228, 133, 1285.26, '2024-08-24', 'UPI'),
(229, 146, 789.91, '2024-05-19', 'UPI'),
(230, 113, 1666.39, '2024-08-21', 'Card'),
(231, 135, 1415.61, '2024-01-08', 'NetBanking'),
(232, 110, 1612.52, '2024-12-26', 'Card'),
(233, 118, 1490.0, '2024-12-03', 'Cash'),
(234, 147, 1064.3, '2024-10-10', 'NetBanking'),
(235, 137, 567.97, '2024-04-30', 'Cash'),
(236, 110, 1434.08, '2024-11-23', 'NetBanking'),
(237, 110, 1743.98, '2024-03-15', 'Card'),
(238, 130, 1396.72, '2024-03-18', 'NetBanking'),
(239, 139, 1951.77, '2024-10-28', 'Cash'),
(240, 101, 1515.19, '2024-10-27', 'NetBanking'),
(241, 108, 629.81, '2024-10-16', 'NetBanking'),
(242, 141, 1969.65, '2024-12-19', 'UPI'),
(243, 138, 1378.12, '2024-02-22', 'NetBanking'),
(244, 117, 1774.46, '2024-08-29', 'NetBanking'),
(245, 110, 408.14, '2024-05-16', 'UPI'),
(246, 143, 1069.51, '2024-07-14', 'NetBanking'),
(247, 103, 1437.2, '2024-01-20', 'UPI'),
(248, 148, 975.27, '2024-07-05', 'Cash'),
(249, 119, 637.06, '2024-10-14', 'NetBanking'),
(250, 140, 935.54, '2024-06-16', 'NetBanking'),
(251, 148, 1308.49, '2024-04-20', 'Cash'),
(252, 104, 1842.88, '2024-12-28', 'NetBanking'),
(253, 108, 878.05, '2024-09-11', 'Cash'),
(254, 124, 1042.87, '2024-11-08', 'NetBanking'),
(255, 105, 1499.05, '2024-01-11', 'Cash'),
(256, 126, 735.1, '2024-05-24', 'Cash'),
(257, 111, 1276.23, '2024-11-02', 'UPI'),
(258, 146, 1620.57, '2024-05-18', 'Card'),
(259, 134, 621.27, '2024-01-26', 'UPI'),
(260, 104, 777.82, '2024-04-26', 'NetBanking'),
(261, 105, 1926.26, '2024-03-05', 'NetBanking'),
(262, 116, 919.91, '2024-10-29', 'Card'),
(263, 150, 899.52, '2024-07-17', 'Card'),
(264, 149, 1322.59, '2024-10-31', 'Cash'),
(265, 150, 1254.0, '2024-02-12', 'UPI'),
(266, 136, 1744.62, '2024-07-30', 'Cash'),
(267, 113, 964.5, '2024-11-24', 'NetBanking'),
(268, 124, 1877.28, '2024-06-06', 'NetBanking'),
(269, 145, 1909.14, '2024-08-17', 'UPI'),
(270, 142, 771.36, '2024-10-11', 'Card'),
(271, 134, 434.55, '2024-12-22', 'Card'),
(272, 150, 985.09, '2024-06-11', 'Card'),
(273, 132, 1467.51, '2024-11-25', 'UPI'),
(274, 134, 1715.16, '2024-06-02', 'UPI'),
(275, 132, 1532.86, '2024-08-14', 'UPI'),
(276, 109, 651.24, '2024-03-21', 'NetBanking'),
(277, 119, 1478.7, '2024-04-04', 'UPI'),
(278, 144, 1172.42, '2024-02-04', 'Card'),
(279, 147, 1637.52, '2024-09-06', 'Card'),
(280, 134, 1070.96, '2024-07-17', 'NetBanking'),
(281, 149, 633.12, '2024-11-25', 'NetBanking'),
(282, 105, 867.14, '2024-06-06', 'NetBanking'),
(283, 105, 1145.63, '2024-02-10', 'Cash'),
(284, 135, 1852.55, '2024-05-29', 'Cash'),
(285, 149, 568.64, '2024-03-23', 'NetBanking'),
(286, 102, 439.96, '2024-02-21', 'Card'),
(287, 108, 1274.34, '2024-01-19', 'Card'),
(288, 114, 1553.85, '2024-04-26', 'UPI'),
(289, 118, 1075.92, '2024-12-14', 'NetBanking'),
(290, 125, 1900.76, '2024-08-17', 'Cash'),
(291, 142, 1111.02, '2024-07-07', 'Cash'),
(292, 145, 1708.42, '2024-11-21', 'UPI'),
(293, 137, 631.61, '2024-05-16', 'Card'),
(294, 132, 1599.45, '2024-12-23', 'Card'),
(295, 122, 1660.68, '2024-07-05', 'Card'),
(296, 102, 1544.91, '2024-09-19', 'NetBanking'),
(297, 127, 1780.94, '2024-03-09', 'Card'),
(298, 146, 1081.87, '2024-09-16', 'Card'),
(299, 143, 1366.68, '2024-05-11', 'Cash'),
(300, 106, 1900.23, '2024-09-28', 'UPI'),
(301, 130, 1371.23, '2024-11-08', 'NetBanking'),
(302, 145, 1955.83, '2024-04-24', 'NetBanking'),
(303, 144, 1044.55, '2024-01-02', 'NetBanking'),
(304, 118, 1504.61, '2024-02-10', 'NetBanking'),
(305, 111, 1168.78, '2024-05-30', 'Card'),
(306, 124, 1268.0, '2024-12-01', 'UPI'),
(307, 143, 669.53, '2024-06-02', 'UPI'),
(308, 128, 890.19, '2024-04-07', 'UPI'),
(309, 120, 478.84, '2024-08-28', 'NetBanking'),
(310, 111, 1377.19, '2024-12-15', 'UPI'),
(311, 148, 1080.68, '2024-07-31', 'Card'),
(312, 112, 1332.58, '2024-08-05', 'Card'),
(313, 145, 1172.6, '2024-12-30', 'Card'),
(314, 136, 666.53, '2024-08-02', 'NetBanking'),
(315, 121, 1563.85, '2024-01-21', 'Cash'),
(316, 134, 1552.6, '2024-01-06', 'Card'),
(317, 114, 1413.97, '2024-02-16', 'Cash'),
(318, 133, 848.68, '2024-11-20', 'NetBanking'),
(319, 148, 1950.53, '2024-12-02', 'Card'),
(320, 138, 1674.97, '2024-08-06', 'NetBanking'),
(321, 140, 598.71, '2024-05-20', 'NetBanking'),
(322, 149, 1837.63, '2024-12-26', 'Card'),
(323, 132, 956.79, '2024-07-06', 'Cash'),
(324, 116, 787.85, '2024-05-04', 'NetBanking'),
(325, 102, 1639.1, '2024-02-24', 'UPI'),
(326, 150, 1427.26, '2024-10-13', 'Cash'),
(327, 144, 797.58, '2024-10-07', 'Card'),
(328, 144, 1894.74, '2024-02-23', 'Card'),
(329, 109, 836.2, '2024-08-25', 'Card'),
(330, 109, 1416.34, '2024-11-24', 'NetBanking'),
(331, 109, 1498.98, '2024-05-16', 'Card'),
(332, 128, 1694.16, '2024-02-05', 'Card'),
(333, 130, 993.25, '2024-08-21', 'UPI'),
(334, 134, 1612.88, '2024-08-22', 'UPI'),
(335, 132, 1470.3, '2024-03-23', 'UPI'),
(336, 127, 1776.45, '2024-09-11', 'NetBanking'),
(337, 138, 1056.84, '2024-06-28', 'Card'),
(338, 148, 1993.01, '2024-12-08', 'UPI'),
(339, 134, 1313.72, '2024-05-17', 'Cash'),
(340, 147, 1798.24, '2024-02-11', 'Cash'),
(341, 137, 993.47, '2024-11-17', 'NetBanking'),
(342, 145, 1784.11, '2024-12-04', 'Cash'),
(343, 129, 1994.61, '2024-01-10', 'UPI'),
(344, 134, 1504.69, '2024-12-26', 'Cash'),
(345, 131, 1851.88, '2024-11-18', 'NetBanking'),
(346, 107, 663.42, '2024-03-15', 'NetBanking'),
(347, 117, 431.46, '2024-09-27', 'UPI'),
(348, 145, 1571.38, '2024-07-23', 'NetBanking'),
(349, 106, 1629.25, '2024-10-27', 'Card'),
(350, 116, 1474.97, '2024-06-21', 'Cash'),
(351, 136, 459.67, '2024-02-12', 'Card'),
(352, 121, 720.64, '2024-01-26', 'UPI'),
(353, 142, 1115.82, '2024-08-28', 'Cash'),
(354, 104, 668.23, '2024-02-09', 'Card'),
(355, 120, 1380.72, '2024-10-20', 'NetBanking'),
(356, 133, 1736.64, '2024-10-18', 'Cash'),
(357, 143, 723.64, '2024-11-11', 'UPI'),
(358, 101, 1284.5, '2024-08-17', 'NetBanking'),
(359, 105, 1963.05, '2024-11-09', 'NetBanking'),
(360, 109, 703.68, '2024-06-26', 'Card'),
(361, 136, 1016.02, '2024-06-22', 'NetBanking'),
(362, 133, 554.34, '2024-01-14', 'NetBanking'),
(363, 113, 1819.51, '2024-05-29', 'UPI'),
(364, 126, 723.74, '2024-04-28', 'NetBanking'),
(365, 111, 1743.51, '2024-09-07', 'NetBanking'),
(366, 117, 821.93, '2024-04-22', 'NetBanking'),
(367, 133, 1410.19, '2024-11-21', 'Card'),
(368, 141, 418.82, '2024-01-14', 'NetBanking'),
(369, 112, 751.1, '2024-04-26', 'Card'),
(370, 135, 1659.97, '2024-05-18', 'Card'),
(371, 108, 1581.41, '2024-02-12', 'NetBanking'),
(372, 103, 619.56, '2024-02-21', 'UPI'),
(373, 141, 1173.19, '2024-01-18', 'Cash'),
(374, 148, 1454.16, '2024-08-28', 'NetBanking'),
(375, 113, 467.47, '2024-01-24', 'Cash'),
(376, 144, 1398.19, '2024-05-20', 'Cash'),
(377, 122, 1923.38, '2024-09-01', 'UPI'),
(378, 136, 573.81, '2024-02-01', 'Card'),
(379, 121, 1461.75, '2024-12-10', 'UPI'),
(380, 137, 515.41, '2024-05-26', 'NetBanking'),
(381, 131, 1969.72, '2024-10-01', 'Card'),
(382, 107, 1613.11, '2024-11-14', 'NetBanking'),
(383, 115, 1096.93, '2024-11-29', 'Card'),
(384, 126, 613.24, '2024-08-01', 'Card'),
(385, 108, 781.93, '2024-07-31', 'Cash'),
(386, 144, 1243.62, '2024-10-15', 'UPI'),
(387, 115, 860.84, '2024-06-28', 'NetBanking'),
(388, 109, 1892.0, '2024-11-26', 'UPI'),
(389, 110, 1670.84, '2024-09-29', 'NetBanking'),
(390, 140, 1220.76, '2024-04-12', 'Cash'),
(391, 140, 1119.34, '2024-05-01', 'NetBanking'),
(392, 124, 1860.89, '2024-04-02', 'Cash'),
(393, 114, 553.71, '2024-08-12', 'Card'),
(394, 146, 490.64, '2024-09-25', 'UPI'),
(395, 108, 1984.26, '2024-12-25', 'Card'),
(396, 126, 1894.09, '2024-10-03', 'Card'),
(397, 106, 1590.16, '2024-07-18', 'Card'),
(398, 149, 1713.98, '2024-03-11', 'Card'),
(399, 137, 1090.95, '2024-02-25', 'UPI'),
(400, 110, 905.75, '2024-08-18', 'Card'),
(401, 150, 1431.33, '2024-06-14', 'UPI'),
(402, 144, 468.77, '2024-01-08', 'UPI'),
(403, 146, 1233.78, '2024-08-09', 'NetBanking'),
(404, 134, 500.37, '2024-10-13', 'Cash'),
(405, 120, 1825.43, '2024-09-17', 'Cash'),
(406, 142, 824.55, '2024-12-16', 'NetBanking'),
(407, 106, 501.99, '2024-07-15', 'Card'),
(408, 116, 987.36, '2024-09-12', 'NetBanking'),
(409, 121, 402.09, '2024-10-29', 'UPI'),
(410, 116, 1279.81, '2024-12-22', 'UPI'),
(411, 125, 1208.17, '2024-06-12', 'NetBanking'),
(412, 141, 641.76, '2024-12-05', 'Card'),
(413, 143, 1115.98, '2024-09-03', 'NetBanking'),
(414, 107, 1020.65, '2024-09-18', 'Card'),
(415, 120, 1440.2, '2024-09-13', 'Card'),
(416, 103, 1494.51, '2024-06-29', 'Cash'),
(417, 144, 1296.56, '2024-05-15', 'NetBanking'),
(418, 139, 1204.57, '2024-07-30', 'UPI'),
(419, 119, 1460.49, '2024-04-08', 'NetBanking'),
(420, 141, 1922.33, '2024-09-10', 'NetBanking'),
(421, 122, 1711.56, '2024-06-30', 'Card'),
(422, 144, 1941.6, '2024-06-11', 'NetBanking'),
(423, 129, 1376.82, '2024-10-20', 'Cash'),
(424, 119, 1506.56, '2024-08-09', 'Cash'),
(425, 114, 408.86, '2024-06-07', 'NetBanking'),
(426, 101, 403.89, '2024-11-06', 'UPI'),
(427, 103, 1263.91, '2024-03-28', 'UPI'),
(428, 132, 1937.72, '2024-07-25', 'Card'),
(429, 148, 1552.99, '2024-05-17', 'UPI'),
(430, 119, 1675.89, '2024-03-18', 'Cash'),
(431, 149, 1030.98, '2024-12-26', 'NetBanking'),
(432, 115, 1955.51, '2024-01-22', 'Cash'),
(433, 126, 1755.6, '2024-10-09', 'Cash'),
(434, 139, 1774.43, '2024-03-24', 'UPI'),
(435, 102, 1907.94, '2024-03-18', 'UPI'),
(436, 102, 703.22, '2024-01-09', 'Cash'),
(437, 101, 1727.24, '2024-02-16', 'Cash'),
(438, 108, 1045.13, '2024-07-29', 'NetBanking'),
(439, 130, 1013.58, '2024-07-28', 'UPI'),
(440, 129, 454.74, '2024-11-20', 'Cash'),
(441, 115, 1234.49, '2024-12-20', 'Card'),
(442, 134, 431.74, '2024-03-12', 'NetBanking'),
(443, 108, 914.27, '2024-02-22', 'Cash'),
(444, 130, 993.08, '2024-10-19', 'UPI'),
(445, 143, 1705.37, '2024-03-25', 'Cash'),
(446, 101, 1217.71, '2024-04-25', 'UPI'),
(447, 128, 934.76, '2024-05-27', 'Card'),
(448, 122, 1385.15, '2024-02-18', 'Cash'),
(449, 144, 959.75, '2024-03-26', 'UPI'),
(450, 137, 508.94, '2024-11-21', 'Cash'),
(451, 101, 1394.73, '2024-06-14', 'Card'),
(452, 143, 945.36, '2024-04-12', 'Card'),
(453, 130, 1721.14, '2024-04-13', 'Card'),
(454, 118, 764.27, '2024-10-11', 'Cash'),
(455, 122, 421.02, '2024-04-11', 'UPI'),
(456, 140, 1582.16, '2024-05-13', 'NetBanking'),
(457, 132, 1293.83, '2024-09-25', 'NetBanking'),
(458, 141, 553.88, '2024-11-03', 'UPI'),
(459, 123, 1321.25, '2024-01-10', 'UPI'),
(460, 119, 640.86, '2024-08-24', 'UPI'),
(461, 125, 1908.72, '2024-05-18', 'UPI'),
(462, 139, 528.8, '2024-12-05', 'UPI'),
(463, 123, 1904.88, '2024-10-04', 'UPI'),
(464, 142, 1002.61, '2024-07-27', 'Cash'),
(465, 114, 1583.95, '2024-08-16', 'NetBanking'),
(466, 115, 1958.81, '2024-09-22', 'Card'),
(467, 127, 1085.93, '2024-04-16', 'Cash'),
(468, 107, 1295.27, '2024-05-14', 'NetBanking'),
(469, 143, 911.81, '2024-01-07', 'NetBanking'),
(470, 106, 1554.86, '2024-02-16', 'NetBanking'),
(471, 120, 1947.42, '2024-07-11', 'UPI'),
(472, 102, 1955.72, '2024-07-16', 'UPI'),
(473, 136, 799.75, '2024-05-31', 'Cash'),
(474, 127, 509.97, '2024-07-10', 'Card'),
(475, 108, 858.14, '2024-02-09', 'Cash'),
(476, 106, 1483.51, '2024-06-07', 'NetBanking'),
(477, 102, 1627.76, '2024-12-18', 'Card'),
(478, 129, 1181.73, '2024-10-11', 'Card'),
(479, 132, 914.07, '2024-11-12', 'Cash'),
(480, 143, 1919.45, '2024-12-20', 'NetBanking'),
(481, 144, 1876.25, '2024-05-11', 'NetBanking'),
(482, 118, 1211.41, '2024-07-23', 'Cash'),
(483, 138, 402.66, '2024-06-06', 'Cash'),
(484, 115, 1221.02, '2024-12-05', 'NetBanking'),
(485, 145, 720.81, '2024-03-23', 'NetBanking'),
(486, 117, 1963.26, '2024-08-06', 'UPI'),
(487, 146, 943.99, '2024-06-07', 'NetBanking'),
(488, 111, 1826.1, '2024-10-23', 'UPI'),
(489, 128, 1726.07, '2024-03-18', 'Card'),
(490, 115, 1411.81, '2024-08-31', 'UPI'),
(491, 132, 869.37, '2024-01-29', 'Card'),
(492, 121, 710.38, '2024-09-22', 'NetBanking'),
(493, 111, 667.85, '2024-10-01', 'NetBanking'),
(494, 136, 1306.31, '2024-01-14', 'Cash'),
(495, 106, 900.15, '2024-09-05', 'Card'),
(496, 131, 1070.83, '2024-11-22', 'UPI'),
(497, 106, 1622.01, '2024-11-23', 'NetBanking'),
(498, 135, 685.62, '2024-03-10', 'Card'),
(499, 120, 514.31, '2024-11-29', 'NetBanking'),
(500, 147, 499.89, '2024-03-31', 'UPI');


 # 1.List the total number of appointments for each doctor.
select count(A.AppointmentID) ,D.DoctorID, D.FirstName,D.LastName from appointments a join doctors d 
 on a.DoctorID =d.DoctorID group by a.DoctorID  order by doctorID asc;
 
 
 # 2.Find the doctor who had the maximum appointments in the last 30 days.
select  count(A.AppointmentID) 
,D.DoctorID, D.FirstName,D.LastName from appointments a join doctors d 
on a.DoctorID =d.DoctorID where a.appointmentdate
=curdate()- interval 30 day group by
 d.DoctorID , d.FirstName,d.LastName;
 

 # Show the average number of appointments per doctor per day.
select  avg(App_Count) as App_as_per_DR from(
select count(AppointmentID) as App_Count from appointments group by DoctorID) as avg_dr_appointment;


# Find all patients who had appointments with more than one doctor. 

select p.PatientID,p.FirstName,p.LastName,count(d.DoctorID) as Total_dr from patients p join appointments a on p.PatientID=a.PatientID
join doctors d on a.DoctorID=d.DoctorID 
group by p.PatientID,p.FirstName,p.LastName
having count(d.DoctorID)>1
order by Total_dr asc;

select * from appointments;
select * from Billing;
select * from doctors;
select * from patients;
select * from treatments;

# 5- Find the day with the maximum total appointments.

# 6.Show the total number of patients treated by each doctor.
select
 a.DoctorID,d.FirstName,d.LastName ,
 count(a.AppointmentID) as total_count  from
 appointments a join doctors d on
 a.DoctorID=d.DoctorID group by DoctorID;
 


# 7.Find the doctor who generated the highest billing amount.
select 
	a.DoctorID,
    d.FirstName,
    d.LastName ,
    sum(b.Amount) as Total_Amount 
from doctors D 
join appointments a
on a.DoctorID=d.DoctorID 
join billing B 
on a.PatientID=b.PatientID  
group by a.DoctorID,d.firstname,d.lastname 
order by Total_Amount desc
limit 1;



# 8.List doctors who have not had any appointments.
select count(a.AppointmentID),d.FirstName,d.LastName from appointments a join doctors d on a.DoctorID=d.DoctorID
  group by AppointmentID having count(a.AppointmentID) is null;
select count(d.DoctorID), d.FirstName,d.LastName from doctors  d join appointments a on d.DoctorID=a.DoctorID  where AppointmentID is null group by d.FirstName,d.LastName;




# Rank doctors by the total number of treatments performed.   Done
select count(t.TreatmentID) as Treat_count ,a.DoctorID ,dense_rank() over(partition by t.TreatmentID)
 from treatments T join appointments a on t.AppointmentID=a.AppointmentID group by a.DoctorID;



select d.FirstName,d.LastName, count(t.TreatmentID) as Total_treatment,dense_rank() over(order by count(t.TreatmentID) desc) from doctors d join treatments t 
on d.DoctorID=t.TreatmentID group by d.DoctorID, d.FirstName order by Total_treatment desc ;



# 10.Find the doctor with the least average billing per appointment.

select avg(b.amount),a.DoctorID,a.AppointmentID from billing B join appointments a on b.PatientID=a.PatientID group by a.AppointmentID order by avg(b.amount) asc limit 1;

# Find the top 5 patients by total billing amount.   done

SELECT p.PatientID,p.FirstName,SUM(b.Amount) AS Total_Billing FROM patients p JOIN Billing b 
ON p.PatientID = b.PatientID GROUP BY p.PatientID, p.FirstName ORDER BY Total_Billing DESC LIMIT 5;


# Show patients who had more than 3 appointments.

select p.firstname,count(a.AppointmentID) as total_count from patients p join appointments a on p.PatientID = a.PatientID  group by p.PatientID having count(a.AppointmentID)>3
;

 select * from appointments;
select * from Billing;
select * from doctors;
select * from patients;
select * from treatments;

# 13.List patients who visited more than 1 department.
select p.FirstName,a.PatientID,count(d.Specialization) from patients p join appointments a on p.PatientID=a.PatientID join doctors d on d.DoctorID=a.DoctorID 
group by a.PatientID having count(d.Specialization) >1;

# 14.Find patients who had an appointment but no treatment recorded.
select count(a.AppointmentID),p.PatientID,p.FirstName,a.Status from appointments a join patients p on a.PatientID=p.PatientID where a.Status="cancelled" group by p.PatientID;

# Find patients who had a treatment but no billing record.
